Order_ID,Gender_Category,Product_Line,Product_Name,Units_Sold,MRP,Revenue,Order_Date,Sales_Channel,Region
2000,Kids,Training,SuperRep Go,,,0.0,09-03-2024,Online,bengaluru
2001,Women,Soccer,Tiempo Legend,3.0,4957.93,0.0,09-07-2024,Retail,Hyd
2002,Women,Soccer,Premier III,4.0,,0.0,,Retail,Mumbai
2003,Kids,Lifestyle,Blazer Mid,,9673.57,0.0,04-10-2024,Online,Pune
2004,Kids,Running,React Infinity,,,0.0,12-09-2024,Retail,Delhi
2005,Women,Training,Flex Trainer,1.0,7363.96,0.0,,Retail,Delhi
2006,Men,Training,SuperRep Go,,6819.78,0.0,04-06-2025,Online,Bangalore
2007,Kids,Training,SuperRep Go,1.0,,0.0,,Retail,Bangalore
2008,Women,Soccer,Premier III,-1.0,,0.0,11-10-2024,Online,Hyderabad
2009,Men,Soccer,Mercurial Superfly,4.0,,0.0,,Online,Pune
2010,Kids,Lifestyle,Waffle One,1.0,7949.83,0.0,16-01-2025,Online,Pune
2011,Women,Training,Flex Trainer,-1.0,9586.08,0.0,,Retail,Hyd
2018,Kids,Lifestyle,Blazer Mid,-1.0,,0.0,13-11-2024,Online,Delhi
2013,Kids,Training,SuperRep Go,,9671.05,0.0,19-09-2024,Online,hyderbad
2014,Women,Running,React Infinity,,,0.0,12-04-2025,Online,Bangalore
2015,Kids,Basketball,Air Jordan,,3285.52,0.0,31-05-2025,Retail,Kolkata
2016,Women,Basketball,Air Jordan,1.0,9871.75,6910.22,,Retail,hyderbad
2017,Women,Basketball,Air Jordan,4.0,,0.0,17-03-2025,Retail,Delhi
2018,Men,Training,Metcon 7,0.0,,0.0,,Online,bengaluru
2019,Kids,Running,Air Zoom,0.0,3424.06,0.0,17-01-2025,Online,Hyderabad
2020,Kids,Soccer,Tiempo Legend,-1.0,,0.0,28-03-2025,Retail,Mumbai
2021,Men,Running,Free RN,-1.0,7086.7,-2409.48,19-11-2024,Retail,Hyd
2022,Women,Soccer,Premier III,,,0.0,24-09-2024,Online,Pune
2023,Men,Lifestyle,Waffle One,,5003.95,0.0,10-01-2025,Online,Mumbai
2024,Kids,Training,SuperRep Go,0.0,,0.0,28-12-2024,Retail,Bangalore
2025,Women,Basketball,Kyrie Flytrap,3.0,9820.5,0.0,,Retail,Mumbai
2026,Kids,Lifestyle,Blazer Mid,1.0,,0.0,10-08-2024,Retail,Kolkata
2027,Men,Basketball,Zoom Freak,,,0.0,,Online,Pune
2028,Men,Training,Flex Trainer,,3270.23,0.0,,Retail,Delhi
2029,Men,Training,ZoomX Invincible,0.0,,0.0,28-10-2023,Online,Bangalore
2030,Men,Soccer,Phantom GT,,,0.0,14-07-2025,Retail,Hyd
2031,Men,Soccer,Premier III,4.0,3493.04,2514.99,09-05-2024,Online,Delhi
2032,Women,Lifestyle,Blazer Mid,1.0,,0.0,11-04-2025,Retail,Mumbai
2033,Men,Soccer,Mercurial Superfly,-1.0,,0.0,,Retail,Kolkata
2034,Men,Basketball,Air Jordan,,6235.71,0.0,30-04-2025,Retail,Delhi
2035,Kids,Basketball,Zoom Freak,4.0,,0.0,17-11-2024,Online,Bangalore
2036,Men,Training,Metcon 7,3.0,,0.0,15-02-2025,Retail,Bangalore
2037,Kids,Running,Pegasus Turbo,3.0,5653.14,-169.59,,Retail,Pune
2038,Kids,Running,Free RN,0.0,,0.0,,Online,Delhi
2039,Women,Training,Flex Trainer,,2767.7,0.0,22-04-2025,Retail,hyderbad
2002,Women,Basketball,Zoom Freak,3.0,5075.22,0.0,07-03-2025,Retail,Delhi
2041,Kids,Soccer,Tiempo Legend,,5553.88,0.0,05-03-2025,Online,Hyd
2042,Women,Basketball,Kyrie Flytrap,,,0.0,19-04-2025,Online,hyderbad
2043,Men,Soccer,Premier III,,3492.89,0.0,02-05-2024,Retail,Delhi
2044,Kids,Training,SuperRep Go,,,0.0,06-09-2023,Online,Delhi
2045,Kids,Lifestyle,Dunk Low,4.0,,0.0,06-04-2025,Retail,Delhi
2046,Kids,Running,Air Zoom,,,0.0,,Online,Kolkata
2047,Women,Training,SuperRep Go,1.0,8577.75,0.0,13-06-2024,Retail,Bangalore
2048,Women,Basketball,Air Jordan,,,0.0,27-10-2024,Online,Bangalore
2049,Kids,Soccer,Tiempo Legend,1.0,7767.2,0.0,,Retail,Pune
2050,Men,Running,Air Zoom,1.0,,0.0,,Retail,Kolkata
2051,Women,Basketball,Air Jordan,,,0.0,05-01-2024,Retail,Delhi
2052,Men,Training,Flex Trainer,3.0,9155.96,0.0,08-10-2024,Retail,Pune
2053,Men,Lifestyle,Air Force 1,3.0,6009.58,0.0,02-10-2024,Online,Delhi
2054,Women,Training,Flex Trainer,-1.0,,0.0,23-06-2025,Online,Mumbai
2055,Men,Basketball,Kyrie Flytrap,,,0.0,26-10-2024,Online,hyderbad
2056,Men,Running,React Infinity,3.0,,0.0,31-05-2024,Retail,Bangalore
2048,Men,Lifestyle,Waffle One,3.0,6216.29,1118.93,14-09-2024,Online,Mumbai
2058,Women,Training,Flex Trainer,,4985.92,0.0,,Online,Kolkata
2059,Kids,Soccer,Phantom GT,-1.0,9507.54,0.0,27-12-2023,Retail,Delhi
2060,Men,Lifestyle,Waffle One,2.0,7979.26,0.0,11-07-2024,Online,bengaluru
2061,Women,Basketball,LeBron 20,,,0.0,10-09-2024,Online,Mumbai
2062,Men,Basketball,Air Jordan,2.0,,0.0,06-06-2025,Online,Bangalore
2063,Women,Basketball,Air Jordan,1.0,9751.0,8190.84,06-09-2024,Retail,Pune
2064,Kids,Running,React Infinity,2.0,7557.71,0.0,02-03-2025,Online,Bangalore
2065,Women,Lifestyle,Waffle One,,,0.0,11-02-2024,Retail,Hyd
2066,Men,Soccer,Phantom GT,-1.0,5259.05,0.0,10-12-2024,Online,Mumbai
2067,Kids,Basketball,LeBron 20,4.0,3588.38,0.0,06-05-2025,Online,Kolkata
2068,Men,Running,Free RN,4.0,2553.29,0.0,05-12-2024,Retail,Mumbai
2069,Women,Training,SuperRep Go,,7502.24,0.0,14-07-2025,Online,Pune
2070,Kids,Running,React Infinity,,,0.0,,Retail,Mumbai
2071,Kids,Lifestyle,Blazer Mid,3.0,7849.81,12010.21,12-01-2025,Retail,Pune
2072,Men,Training,Flex Trainer,3.0,,0.0,,Retail,Pune
2073,Women,Lifestyle,Blazer Mid,4.0,,0.0,03-11-2024,Online,Hyd
2074,Men,Training,Flex Trainer,-1.0,,0.0,,Online,Kolkata
2075,Kids,Basketball,Air Jordan,4.0,4251.74,0.0,14-07-2025,Online,Pune
2076,Women,Training,ZoomX Invincible,,,0.0,13-10-2024,Retail,bengaluru
2077,Men,Training,ZoomX Invincible,,,0.0,21-11-2023,Online,Pune
2078,Women,Basketball,LeBron 20,0.0,6970.47,0.0,,Online,Mumbai
2079,Men,Running,Pegasus Turbo,-1.0,4322.06,0.0,19-01-2025,Online,bengaluru
2080,Men,Lifestyle,Blazer Mid,,,0.0,31-03-2025,Online,Bangalore
2081,Men,Training,ZoomX Invincible,,,0.0,,Online,Mumbai
2028,Men,Running,Free RN,-1.0,,0.0,14-02-2024,Online,Hyderabad
2083,Men,Running,Free RN,,9291.74,0.0,14-10-2024,Retail,Delhi
2084,Men,Training,Metcon 7,2.0,,0.0,24-12-2023,Online,Mumbai
2085,Men,Basketball,Kyrie Flytrap,,7561.85,0.0,17-12-2024,Retail,Kolkata
2086,Men,Soccer,Mercurial Superfly,0.0,,0.0,11-10-2024,Online,Kolkata
2087,Kids,Basketball,Zoom Freak,,4656.28,0.0,01-11-2024,Online,Kolkata
2088,Women,Running,Free RN,4.0,,0.0,26-04-2025,Online,Bangalore
2089,Women,Training,Flex Trainer,2.0,6874.77,5499.82,02-12-2024,Online,Mumbai
2090,Kids,Lifestyle,Dunk Low,,,0.0,,Retail,Bangalore
2091,Kids,Running,Air Zoom,,9246.88,0.0,,Retail,Mumbai
2092,Kids,Basketball,Zoom Freak,2.0,,0.0,,Online,Delhi
2093,Men,Running,Free RN,0.0,,0.0,,Online,Kolkata
2094,Kids,Training,Flex Trainer,1.0,4276.36,0.0,10-11-2024,Retail,Delhi
2095,Men,Lifestyle,Waffle One,,,0.0,16-10-2024,Online,Delhi
2096,Men,Running,Pegasus Turbo,2.0,,0.0,24-12-2024,Online,Kolkata
2097,Women,Training,ZoomX Invincible,,7978.89,0.0,,Online,Bangalore
2098,Men,Training,ZoomX Invincible,,5690.69,0.0,24-01-2024,Online,hyderbad
2099,Kids,Soccer,Mercurial Superfly,2.0,,0.0,01-02-2025,Retail,Mumbai
2100,Kids,Soccer,Phantom GT,1.0,5937.52,0.0,11-07-2025,Retail,Mumbai
2101,Kids,Running,Free RN,,2010.07,0.0,03-07-2025,Online,Hyderabad
2102,Women,Soccer,Mercurial Superfly,-1.0,,0.0,10-04-2025,Online,Pune
2103,Women,Basketball,LeBron 20,-1.0,6777.88,0.0,08-01-2025,Online,Kolkata
2104,Men,Basketball,Kyrie Flytrap,,,0.0,,Retail,Delhi
2105,Kids,Training,Metcon 7,2.0,5744.7,0.0,17-11-2024,Retail,Mumbai
2106,Women,Running,Free RN,,,0.0,,Retail,bengaluru
2107,Women,Running,React Infinity,4.0,,0.0,30-08-2024,Online,Hyd
2108,Kids,Lifestyle,Air Force 1,,,0.0,15-11-2024,Retail,Mumbai
2109,Kids,Basketball,Zoom Freak,0.0,,0.0,29-01-2025,Retail,Kolkata
2110,Kids,Running,Air Zoom,1.0,,0.0,25-12-2024,Retail,Pune
2111,Men,Lifestyle,Waffle One,,,0.0,21-11-2024,Retail,bengaluru
2112,Women,Training,Metcon 7,,2201.54,0.0,,Retail,bengaluru
2113,Women,Basketball,Air Jordan,,3939.34,0.0,19-12-2023,Retail,Pune
2114,Women,Training,Flex Trainer,1.0,3167.33,1488.65,,Retail,Pune
2115,Kids,Soccer,Phantom GT,2.0,7607.45,0.0,,Online,Kolkata
2116,Women,Basketball,LeBron 20,,4038.32,0.0,27-08-2024,Online,Hyderabad
2117,Women,Training,SuperRep Go,0.0,7645.96,0.0,30-10-2024,Online,Pune
2118,Kids,Basketball,Zoom Freak,2.0,8426.54,0.0,21-09-2023,Online,hyderbad
2119,Women,Training,Metcon 7,-1.0,,0.0,05-04-2025,Retail,Kolkata
2120,Men,Soccer,Phantom GT,,,0.0,14-12-2024,Retail,Pune
2000,Kids,Running,React Infinity,-1.0,,0.0,20-11-2023,Retail,Kolkata
2122,Kids,Soccer,Mercurial Superfly,0.0,,0.0,,Retail,bengaluru
2123,Men,Running,Air Zoom,,,0.0,15-09-2024,Retail,Hyd
2124,Kids,Basketball,Kyrie Flytrap,,6436.11,0.0,04-07-2025,Online,Kolkata
2125,Women,Soccer,Tiempo Legend,,,0.0,10-12-2024,Retail,Hyderabad
2126,Kids,Running,Pegasus Turbo,-1.0,5399.58,0.0,14-12-2024,Retail,Pune
2127,Men,Training,Metcon 7,-1.0,4020.5,0.0,19-08-2023,Online,Mumbai
2128,Women,Basketball,LeBron 20,,8750.71,0.0,,Retail,Bangalore
2129,Men,Basketball,Zoom Freak,,,0.0,,Retail,Delhi
2130,Men,Soccer,Premier III,3.0,,0.0,14-09-2024,Online,bengaluru
2131,Kids,Running,Free RN,,5561.82,0.0,,Retail,Mumbai
2132,Men,Running,Free RN,2.0,,0.0,,Online,Delhi
2133,Men,Training,Metcon 7,,6789.53,0.0,10-10-2024,Retail,Pune
2134,Men,Training,ZoomX Invincible,,4738.62,0.0,06-08-2024,Online,Hyderabad
2135,Men,Basketball,Zoom Freak,2.0,9106.61,4735.44,03-11-2024,Retail,hyderbad
2136,Kids,Training,ZoomX Invincible,1.0,,0.0,15-09-2024,Online,Pune
2137,Men,Soccer,Phantom GT,0.0,5222.02,0.0,12-01-2025,Online,Delhi
2138,Men,Running,Pegasus Turbo,2.0,8055.2,0.0,14-06-2025,Online,Mumbai
2139,Women,Basketball,Air Jordan,,,0.0,19-06-2025,Retail,Mumbai
2140,Men,Basketball,Zoom Freak,,6765.74,0.0,28-04-2025,Online,Bangalore
2141,Kids,Soccer,Tiempo Legend,,,0.0,22-11-2023,Retail,Kolkata
2142,Kids,Soccer,Mercurial Superfly,,,0.0,03-10-2024,Retail,Kolkata
2143,Kids,Training,ZoomX Invincible,-1.0,,0.0,10-03-2025,Online,Delhi
2144,Women,Lifestyle,Waffle One,4.0,,0.0,30-03-2025,Online,Kolkata
2145,Men,Lifestyle,Blazer Mid,0.0,,0.0,30-07-2024,Online,Bangalore
2146,Kids,Basketball,Air Jordan,,,0.0,15-02-2025,Retail,Mumbai
2147,Women,Soccer,Phantom GT,-1.0,,0.0,14-09-2024,Online,Hyderabad
2148,Men,Basketball,Kyrie Flytrap,,,0.0,19-06-2025,Online,Hyd
2149,Women,Running,Pegasus Turbo,,,0.0,20-05-2025,Online,Kolkata
2150,Women,Basketball,LeBron 20,2.0,3313.21,3445.74,06-07-2025,Online,bengaluru
2151,Kids,Soccer,Tiempo Legend,4.0,5619.75,0.0,27-05-2025,Online,bengaluru
2152,Women,Running,Free RN,,,0.0,,Online,bengaluru
2153,Men,Running,React Infinity,0.0,,0.0,18-08-2024,Retail,Pune
2154,Kids,Lifestyle,Blazer Mid,,2963.16,0.0,01-04-2025,Online,Bangalore
2155,Men,Soccer,Phantom GT,3.0,,0.0,,Online,hyderbad
2156,Men,Soccer,Tiempo Legend,0.0,,0.0,31-08-2024,Online,Pune
2157,Kids,Soccer,Premier III,1.0,,0.0,29-04-2025,Online,Delhi
2158,Women,Running,React Infinity,-1.0,,0.0,28-01-2025,Online,Mumbai
2159,Women,Training,ZoomX Invincible,2.0,3987.65,0.0,,Retail,Delhi
2160,Kids,Running,Air Zoom,,,0.0,01-03-2025,Retail,Mumbai
2161,Kids,Lifestyle,Waffle One,0.0,5119.41,0.0,,Online,Pune
2162,Men,Lifestyle,Blazer Mid,,7662.11,0.0,,Online,Mumbai
2163,Men,Lifestyle,Dunk Low,,,0.0,06-03-2025,Retail,Hyderabad
2164,Women,Soccer,Mercurial Superfly,0.0,,0.0,23-10-2024,Online,Pune
2165,Kids,Training,SuperRep Go,4.0,4577.65,0.0,11-11-2024,Retail,Kolkata
2166,Women,Lifestyle,Air Force 1,,7312.38,0.0,01-02-2025,Online,Mumbai
2167,Men,Running,React Infinity,3.0,3055.79,0.0,,Retail,Mumbai
2168,Women,Running,Pegasus Turbo,,,0.0,01-08-2024,Retail,Kolkata
2169,Kids,Training,Flex Trainer,4.0,4046.05,16022.36,14-12-2024,Retail,Delhi
2170,Kids,Lifestyle,Air Force 1,0.0,,0.0,28-06-2025,Online,Kolkata
2022,Women,Lifestyle,Air Force 1,,9378.52,0.0,29-10-2023,Retail,Mumbai
2172,Women,Training,ZoomX Invincible,,7988.99,0.0,17-12-2024,Online,bengaluru
2173,Men,Running,Free RN,-1.0,6620.78,0.0,29-03-2025,Online,Bangalore
2174,Women,Soccer,Phantom GT,,3883.92,0.0,,Retail,Pune
2175,Women,Lifestyle,Blazer Mid,,,0.0,,Online,Pune
2176,Men,Soccer,Mercurial Superfly,4.0,,0.0,04-01-2025,Online,bengaluru
2177,Women,Lifestyle,Waffle One,,,0.0,27-06-2025,Retail,Mumbai
2178,Men,Running,Free RN,1.0,,0.0,28-10-2024,Retail,Bangalore
2179,Women,Training,ZoomX Invincible,3.0,,0.0,26-01-2024,Retail,Pune
2180,Women,Basketball,LeBron 20,,,0.0,15-05-2024,Online,Pune
2181,Women,Lifestyle,Air Force 1,2.0,,0.0,06-01-2025,Retail,Delhi
2182,Kids,Basketball,Zoom Freak,,7214.55,0.0,,Online,Mumbai
2183,Kids,Lifestyle,Waffle One,,5389.56,0.0,,Online,Pune
2184,Men,Soccer,Mercurial Superfly,4.0,,0.0,,Retail,Hyderabad
2185,Women,Training,ZoomX Invincible,4.0,4207.44,6900.2,08-06-2025,Online,Kolkata
2186,Men,Running,React Infinity,0.0,,0.0,,Retail,Bangalore
2187,Men,Running,React Infinity,,7795.32,0.0,09-11-2024,Online,Mumbai
2188,Men,Running,React Infinity,-1.0,,0.0,,Online,Pune
2189,Men,Training,SuperRep Go,3.0,,0.0,02-10-2024,Online,Hyd
2190,Kids,Basketball,Kyrie Flytrap,,4280.01,0.0,,Online,Delhi
2191,Men,Lifestyle,Air Force 1,3.0,,0.0,28-09-2024,Retail,Pune
2192,Men,Basketball,Kyrie Flytrap,-1.0,,0.0,13-10-2023,Retail,Delhi
2193,Women,Lifestyle,Waffle One,-1.0,,0.0,17-01-2025,Retail,Delhi
2194,Men,Soccer,Mercurial Superfly,,6196.01,0.0,27-10-2024,Online,hyderbad
2195,Women,Training,SuperRep Go,,,0.0,,Online,Delhi
2196,Kids,Soccer,Premier III,2.0,2708.73,0.0,30-06-2025,Online,Delhi
2197,Kids,Training,ZoomX Invincible,3.0,,0.0,06-10-2024,Online,bengaluru
2198,Men,Training,SuperRep Go,4.0,,0.0,05-01-2025,Online,Pune
2199,Men,Soccer,Premier III,1.0,,0.0,,Retail,Kolkata
2200,Men,Basketball,Air Jordan,3.0,5570.72,0.0,,Online,Delhi
2201,Women,Training,SuperRep Go,,,0.0,10-05-2024,Online,Mumbai
2202,Men,Basketball,Kyrie Flytrap,-1.0,7918.93,475.14,04-07-2025,Retail,Bangalore
2203,Men,Lifestyle,Air Force 1,0.0,6903.22,0.0,,Online,Pune
2204,Men,Basketball,LeBron 20,,7660.41,0.0,17-05-2025,Online,Delhi
2205,Women,Running,React Infinity,0.0,,0.0,24-04-2025,Retail,Pune
2206,Men,Training,Flex Trainer,2.0,,0.0,,Online,Delhi
2207,Women,Running,Pegasus Turbo,,,0.0,,Online,Hyderabad
2208,Women,Basketball,LeBron 20,,5172.62,0.0,,Retail,hyderbad
2209,Kids,Training,SuperRep Go,,,0.0,01-09-2024,Retail,Hyd
2210,Men,Lifestyle,Blazer Mid,,,0.0,09-08-2024,Retail,Kolkata
2000,Kids,Training,Metcon 7,4.0,,0.0,27-02-2024,Retail,bengaluru
2212,Women,Lifestyle,Blazer Mid,,7670.82,0.0,23-09-2024,Online,Kolkata
2213,Women,Running,Air Zoom,,5714.92,0.0,,Online,Delhi
2214,Men,Basketball,LeBron 20,2.0,5016.03,0.0,,Retail,Mumbai
2215,Men,Basketball,Zoom Freak,3.0,,0.0,16-12-2024,Online,Kolkata
2216,Women,Lifestyle,Air Force 1,1.0,3111.62,0.0,,Online,Hyd
2217,Women,Lifestyle,Waffle One,,,0.0,15-04-2025,Retail,Delhi
2218,Kids,Soccer,Premier III,2.0,,0.0,,Online,Bangalore
2219,Women,Basketball,Air Jordan,-1.0,,0.0,,Online,bengaluru
2220,Kids,Training,SuperRep Go,,,0.0,09-09-2024,Online,Kolkata
2221,Kids,Lifestyle,Waffle One,2.0,3375.97,0.0,06-01-2024,Retail,Mumbai
2222,Men,Training,ZoomX Invincible,2.0,8897.19,15837.0,21-12-2024,Retail,Mumbai
2223,Kids,Training,Flex Trainer,-1.0,9180.15,0.0,15-02-2025,Online,Kolkata
2224,Kids,Lifestyle,Dunk Low,-1.0,,0.0,24-09-2024,Online,Pune
2225,Kids,Basketball,Kyrie Flytrap,,,0.0,,Retail,Hyd
2226,Women,Basketball,Zoom Freak,,,0.0,28-06-2025,Online,Delhi
2021,Men,Running,React Infinity,,2180.71,0.0,,Retail,Hyd
2228,Kids,Basketball,Zoom Freak,,9382.15,0.0,22-08-2024,Online,Kolkata
2229,Men,Running,Air Zoom,,7143.23,0.0,26-03-2025,Retail,Mumbai
2230,Kids,Lifestyle,Dunk Low,,,0.0,,Online,bengaluru
2231,Kids,Training,Flex Trainer,0.0,,0.0,04-01-2025,Online,bengaluru
2232,Women,Running,Free RN,,2149.28,0.0,17-11-2024,Online,Kolkata
2233,Men,Lifestyle,Air Force 1,0.0,,0.0,,Online,Kolkata
2234,Men,Training,Flex Trainer,4.0,6189.1,-2970.77,21-12-2024,Retail,bengaluru
2042,Men,Basketball,Kyrie Flytrap,1.0,5254.47,0.0,26-02-2025,Retail,bengaluru
2236,Men,Soccer,Mercurial Superfly,,,0.0,,Online,Delhi
2237,Kids,Training,Metcon 7,,5089.88,0.0,26-06-2025,Online,Mumbai
2238,Kids,Training,SuperRep Go,3.0,4348.86,0.0,,Online,Delhi
2239,Men,Training,SuperRep Go,,,0.0,04-08-2024,Online,Kolkata
2240,Kids,Basketball,Air Jordan,,9520.5,0.0,22-01-2025,Retail,Kolkata
2241,Women,Soccer,Tiempo Legend,,9662.04,0.0,19-02-2025,Online,hyderbad
2046,Kids,Basketball,LeBron 20,-1.0,4934.46,-690.82,,Retail,Kolkata
2243,Men,Lifestyle,Blazer Mid,,9747.58,0.0,07-11-2024,Retail,Delhi
2244,Kids,Training,Metcon 7,2.0,,0.0,,Online,Delhi
2245,Kids,Running,React Infinity,,4128.35,0.0,16-04-2025,Online,Pune
2246,Kids,Basketball,LeBron 20,-1.0,7806.98,0.0,02-10-2024,Online,Hyderabad
2247,Women,Training,Metcon 7,,,0.0,16-08-2024,Online,Mumbai
2248,Men,Training,Metcon 7,4.0,8249.96,25079.88,16-01-2024,Online,bengaluru
2249,Men,Training,Flex Trainer,,7730.77,0.0,28-05-2024,Online,Delhi
2250,Men,Basketball,Kyrie Flytrap,,,0.0,01-10-2024,Retail,Pune
2046,Men,Basketball,Air Jordan,2.0,9593.65,0.0,11-01-2025,Online,hyderbad
2252,Women,Running,Free RN,,,0.0,,Retail,Delhi
2253,Men,Training,Flex Trainer,0.0,,0.0,18-05-2025,Online,bengaluru
2254,Women,Basketball,LeBron 20,,,0.0,24-04-2025,Online,Hyd
2255,Kids,Basketball,LeBron 20,,2222.55,0.0,06-04-2025,Retail,Mumbai
2256,Men,Soccer,Phantom GT,,,0.0,30-03-2025,Online,hyderbad
2257,Men,Basketball,Kyrie Flytrap,1.0,,0.0,09-02-2025,Online,Mumbai
2258,Women,Lifestyle,Dunk Low,,,0.0,21-11-2023,Online,Mumbai
2259,Women,Soccer,Mercurial Superfly,,,0.0,20-10-2024,Retail,Delhi
2260,Women,Lifestyle,Dunk Low,2.0,,0.0,12-12-2024,Retail,Pune
2261,Women,Training,ZoomX Invincible,,2503.6,0.0,04-10-2024,Retail,Pune
2262,Women,Running,Pegasus Turbo,0.0,,0.0,15-09-2024,Retail,Pune
2263,Women,Soccer,Premier III,0.0,5172.14,0.0,08-10-2024,Online,Kolkata
2264,Men,Training,ZoomX Invincible,4.0,5622.32,-1799.14,22-04-2024,Retail,bengaluru
2265,Women,Soccer,Premier III,,2422.97,0.0,23-11-2024,Retail,Delhi
2266,Women,Basketball,LeBron 20,,,0.0,19-07-2025,Retail,Kolkata
2267,Women,Running,Air Zoom,-1.0,3075.72,0.0,20-12-2024,Retail,Kolkata
2268,Men,Soccer,Mercurial Superfly,3.0,7330.81,0.0,16-11-2023,Online,Kolkata
2269,Women,Training,ZoomX Invincible,4.0,6424.32,0.0,14-07-2024,Retail,Mumbai
2270,Men,Running,React Infinity,1.0,,0.0,06-06-2025,Retail,Pune
2271,Kids,Lifestyle,Waffle One,,5116.58,0.0,03-05-2024,Retail,Delhi
2038,Women,Training,ZoomX Invincible,1.0,7338.57,0.0,21-10-2024,Retail,Delhi
2273,Kids,Running,Free RN,-1.0,4004.36,0.0,30-01-2024,Online,Kolkata
2274,Women,Training,Metcon 7,4.0,,0.0,13-06-2025,Online,bengaluru
2275,Kids,Running,Pegasus Turbo,-1.0,,0.0,03-07-2025,Online,Pune
2276,Kids,Lifestyle,Air Force 1,-1.0,6066.5,0.0,29-08-2023,Retail,Kolkata
2277,Kids,Basketball,LeBron 20,,3682.84,0.0,28-12-2024,Online,hyderbad
2278,Men,Training,SuperRep Go,,,0.0,07-03-2025,Retail,Pune
2279,Women,Lifestyle,Blazer Mid,,,0.0,03-08-2024,Retail,Mumbai
2280,Women,Soccer,Mercurial Superfly,-1.0,,0.0,13-02-2025,Online,Delhi
2281,Kids,Lifestyle,Waffle One,2.0,,0.0,13-07-2025,Retail,Kolkata
2282,Men,Running,Free RN,,,0.0,14-11-2024,Retail,Mumbai
2283,Men,Soccer,Mercurial Superfly,1.0,,0.0,21-08-2024,Retail,Delhi
2284,Kids,Soccer,Mercurial Superfly,,,0.0,08-10-2024,Online,Kolkata
2285,Women,Basketball,LeBron 20,-1.0,,0.0,,Retail,Delhi
2286,Women,Lifestyle,Waffle One,,,0.0,16-10-2024,Online,Bangalore
2287,Women,Running,React Infinity,3.0,,0.0,,Online,Mumbai
2288,Women,Training,ZoomX Invincible,,,0.0,24-08-2024,Retail,Hyderabad
2289,Women,Running,Air Zoom,,,0.0,,Retail,Mumbai
2290,Women,Training,Flex Trainer,,,0.0,20-10-2024,Online,Kolkata
2291,Women,Basketball,LeBron 20,-1.0,,0.0,,Retail,Pune
2292,Women,Running,Free RN,2.0,,0.0,05-11-2024,Online,Kolkata
2293,Women,Basketball,Air Jordan,3.0,,0.0,13-05-2025,Retail,Mumbai
2012,Women,Soccer,Phantom GT,,,0.0,01-09-2024,Retail,Hyderabad
2295,Kids,Lifestyle,Dunk Low,,,0.0,17-06-2025,Retail,Hyd
2296,Women,Soccer,Phantom GT,,,0.0,15-08-2024,Online,Delhi
2297,Kids,Basketball,LeBron 20,,6356.31,0.0,31-12-2024,Online,Pune
2298,Men,Training,SuperRep Go,,5571.14,0.0,11-06-2025,Retail,Kolkata
2299,Kids,Soccer,Phantom GT,2.0,,0.0,09-05-2025,Online,hyderbad
2300,Men,Basketball,Air Jordan,3.0,6331.64,4178.88,17-08-2024,Retail,Delhi
2301,Men,Soccer,Mercurial Superfly,,7982.2,0.0,29-12-2024,Online,Pune
2302,Women,Running,Air Zoom,0.0,,0.0,27-02-2025,Retail,Hyd
2303,Kids,Running,Free RN,2.0,2504.09,0.0,24-12-2024,Retail,Hyd
2304,Men,Training,Flex Trainer,,,0.0,28-11-2024,Online,Hyd
2305,Kids,Running,Pegasus Turbo,,4803.7,0.0,,Retail,Mumbai
2306,Kids,Basketball,Air Jordan,1.0,8267.56,5869.97,10-11-2024,Retail,Bangalore
2307,Women,Running,Free RN,2.0,9369.1,0.0,18-06-2025,Retail,Kolkata
2308,Men,Running,Pegasus Turbo,0.0,,0.0,01-05-2025,Online,bengaluru
2004,Kids,Lifestyle,Dunk Low,,,0.0,23-02-2025,Retail,bengaluru
2310,Men,Running,Air Zoom,,,0.0,04-02-2025,Online,Kolkata
2026,Women,Training,Flex Trainer,4.0,,0.0,25-09-2024,Online,Delhi
2312,Kids,Soccer,Premier III,,,0.0,30-09-2024,Online,bengaluru
2313,Women,Training,SuperRep Go,0.0,,0.0,,Online,Delhi
2314,Women,Soccer,Mercurial Superfly,2.0,,0.0,09-12-2024,Retail,Mumbai
2315,Men,Basketball,Kyrie Flytrap,,9149.88,0.0,12-11-2024,Retail,Hyderabad
2316,Men,Soccer,Phantom GT,1.0,,0.0,,Retail,Delhi
2317,Men,Training,Flex Trainer,,9695.44,0.0,13-09-2024,Online,Kolkata
2318,Men,Soccer,Phantom GT,2.0,,0.0,04-04-2025,Retail,Delhi
2319,Women,Basketball,Kyrie Flytrap,-1.0,5649.99,0.0,29-06-2025,Online,Delhi
2320,Kids,Running,Pegasus Turbo,,4033.28,0.0,23-01-2025,Retail,Hyd
2321,Men,Lifestyle,Dunk Low,,,0.0,10-06-2024,Online,Mumbai
2322,Women,Running,Pegasus Turbo,0.0,8016.24,0.0,07-04-2025,Retail,Delhi
2323,Men,Lifestyle,Dunk Low,,6537.29,0.0,05-01-2025,Online,bengaluru
2324,Women,Soccer,Mercurial Superfly,0.0,,0.0,27-02-2025,Online,Kolkata
2325,Men,Basketball,Zoom Freak,0.0,8031.83,0.0,18-05-2025,Online,Kolkata
2326,Women,Lifestyle,Dunk Low,4.0,9936.94,0.0,10-12-2024,Retail,Kolkata
2327,Men,Training,Flex Trainer,4.0,6640.67,0.0,21-03-2025,Retail,Delhi
2328,Men,Lifestyle,Waffle One,2.0,6449.46,9158.23,09-11-2024,Online,Mumbai
2329,Men,Basketball,Kyrie Flytrap,4.0,4981.26,0.0,05-06-2025,Online,Mumbai
2330,Women,Training,Flex Trainer,,,0.0,22-10-2024,Online,Mumbai
2331,Kids,Basketball,Kyrie Flytrap,,9023.07,0.0,23-11-2024,Retail,Mumbai
2332,Kids,Training,Flex Trainer,-1.0,,0.0,15-07-2024,Retail,Pune
2333,Kids,Running,Free RN,,4638.25,0.0,,Online,Hyd
2334,Women,Training,SuperRep Go,4.0,,0.0,06-06-2024,Retail,Mumbai
2335,Women,Running,Free RN,0.0,5620.64,0.0,05-01-2024,Online,Mumbai
2336,Kids,Soccer,Mercurial Superfly,4.0,8482.43,0.0,22-10-2023,Online,Pune
2337,Women,Training,SuperRep Go,,,0.0,17-10-2024,Online,Pune
2338,Women,Soccer,Premier III,,,0.0,,Retail,Delhi
2339,Women,Basketball,LeBron 20,4.0,,0.0,,Retail,Kolkata
2340,Women,Running,Free RN,3.0,,0.0,07-08-2024,Online,Mumbai
2341,Women,Lifestyle,Waffle One,,,0.0,22-04-2025,Online,Hyd
2342,Women,Training,Metcon 7,,,0.0,19-08-2024,Retail,Kolkata
2343,Women,Basketball,Zoom Freak,0.0,7507.91,0.0,22-11-2024,Retail,Kolkata
2344,Kids,Training,ZoomX Invincible,-1.0,,0.0,20-06-2025,Online,Kolkata
2345,Men,Running,React Infinity,0.0,,0.0,21-06-2025,Retail,Hyderabad
2346,Men,Soccer,Phantom GT,,6320.59,0.0,,Retail,Mumbai
2347,Men,Training,Flex Trainer,,9653.35,0.0,21-09-2024,Retail,Bangalore
2348,Kids,Training,Metcon 7,,6591.41,0.0,29-04-2025,Retail,Delhi
2349,Kids,Soccer,Tiempo Legend,3.0,,0.0,25-10-2023,Online,Delhi
2350,Men,Running,Air Zoom,4.0,8228.88,0.0,21-03-2025,Retail,Delhi
2351,Men,Basketball,LeBron 20,3.0,4179.34,0.0,29-07-2024,Retail,Pune
2352,Men,Basketball,LeBron 20,,,0.0,24-03-2025,Online,Bangalore
2353,Kids,Training,ZoomX Invincible,0.0,,0.0,03-10-2024,Retail,Bangalore
2354,Men,Basketball,Kyrie Flytrap,0.0,,0.0,06-09-2024,Online,hyderbad
2355,Women,Lifestyle,Waffle One,1.0,,0.0,26-07-2024,Retail,bengaluru
2356,Men,Basketball,Air Jordan,,,0.0,17-02-2025,Retail,Pune
2357,Women,Lifestyle,Air Force 1,,,0.0,28-04-2025,Retail,Bangalore
2358,Men,Basketball,LeBron 20,4.0,,0.0,24-02-2025,Online,Pune
2359,Men,Lifestyle,Waffle One,-1.0,9836.48,-6492.08,,Retail,Pune
2360,Women,Training,Metcon 7,,,0.0,07-12-2024,Online,hyderbad
2361,Kids,Training,Flex Trainer,0.0,,0.0,30-07-2024,Retail,Mumbai
2362,Women,Lifestyle,Blazer Mid,2.0,,0.0,09-12-2024,Online,bengaluru
2363,Kids,Running,Pegasus Turbo,,5419.15,0.0,01-07-2025,Retail,hyderbad
2364,Women,Lifestyle,Dunk Low,,,0.0,,Online,Delhi
2365,Women,Running,React Infinity,,,0.0,17-08-2024,Online,Hyderabad
2366,Kids,Lifestyle,Waffle One,,,0.0,08-05-2025,Retail,Bangalore
2367,Kids,Lifestyle,Dunk Low,4.0,6202.99,3969.91,12-11-2024,Online,Bangalore
2368,Women,Lifestyle,Waffle One,,5582.98,0.0,04-08-2023,Retail,Delhi
2369,Men,Basketball,LeBron 20,0.0,4248.21,0.0,11-07-2025,Online,Hyderabad
2370,Men,Running,Pegasus Turbo,2.0,,0.0,04-02-2025,Online,Delhi
2371,Kids,Training,Flex Trainer,1.0,,0.0,15-04-2025,Online,Kolkata
2372,Men,Running,Free RN,,7624.86,0.0,23-05-2025,Online,Kolkata
2373,Women,Lifestyle,Air Force 1,,8637.25,0.0,22-09-2024,Retail,Kolkata
2006,Women,Basketball,Zoom Freak,-1.0,8799.22,0.0,13-08-2023,Retail,Bangalore
2375,Men,Training,Metcon 7,-1.0,9061.25,0.0,05-04-2025,Retail,Mumbai
2376,Men,Lifestyle,Dunk Low,,3718.82,0.0,03-10-2024,Online,Delhi
2377,Men,Basketball,LeBron 20,4.0,,0.0,02-07-2025,Online,Mumbai
2378,Women,Basketball,LeBron 20,-1.0,,0.0,04-11-2024,Retail,Mumbai
2379,Men,Lifestyle,Air Force 1,4.0,,0.0,09-04-2024,Online,Mumbai
2380,Men,Soccer,Phantom GT,1.0,7932.85,0.0,09-12-2024,Retail,Delhi
2381,Kids,Lifestyle,Dunk Low,3.0,4834.65,-290.08,12-10-2024,Retail,Pune
2382,Men,Lifestyle,Waffle One,4.0,,0.0,09-03-2024,Retail,Mumbai
2004,Women,Basketball,LeBron 20,-1.0,3272.45,0.0,28-02-2025,Online,Kolkata
2384,Women,Training,SuperRep Go,3.0,2070.97,-1553.23,05-09-2024,Online,Delhi
2385,Men,Training,Metcon 7,,,0.0,03-10-2024,Retail,Delhi
2386,Men,Basketball,Kyrie Flytrap,,2271.77,0.0,13-07-2025,Online,Pune
2387,Women,Basketball,Kyrie Flytrap,3.0,,0.0,21-09-2024,Online,Pune
2388,Kids,Running,Air Zoom,1.0,5321.46,0.0,02-09-2024,Retail,Bangalore
2389,Women,Basketball,Kyrie Flytrap,0.0,7901.16,0.0,08-10-2024,Online,Delhi
2390,Kids,Lifestyle,Waffle One,-1.0,,0.0,24-05-2025,Online,Delhi
2002,Women,Training,ZoomX Invincible,4.0,6820.42,0.0,03-10-2024,Retail,Kolkata
2392,Kids,Basketball,Zoom Freak,,8631.03,0.0,,Retail,bengaluru
2050,Kids,Training,ZoomX Invincible,,,0.0,,Retail,Hyderabad
2394,Kids,Lifestyle,Air Force 1,,,0.0,18-08-2023,Online,Delhi
2395,Kids,Soccer,Premier III,1.0,,0.0,08-07-2025,Online,Pune
2396,Men,Basketball,Air Jordan,,5967.92,0.0,09-06-2025,Retail,Pune
2397,Men,Soccer,Phantom GT,,,0.0,27-12-2023,Retail,Mumbai
2398,Women,Soccer,Mercurial Superfly,,4301.85,0.0,,Retail,Bangalore
2399,Women,Running,Air Zoom,-1.0,6188.29,0.0,07-08-2024,Retail,Pune
2025,Kids,Training,ZoomX Invincible,4.0,6743.07,0.0,09-10-2024,Online,Pune
2012,Kids,Running,Pegasus Turbo,0.0,9220.15,0.0,02-04-2025,Retail,Pune
2402,Kids,Running,React Infinity,,6437.85,0.0,09-03-2025,Online,Mumbai
2403,Women,Running,React Infinity,,,0.0,24-08-2024,Retail,Delhi
2404,Men,Lifestyle,Blazer Mid,,,0.0,25-01-2024,Online,Pune
2405,Men,Basketball,Kyrie Flytrap,1.0,,0.0,17-11-2024,Online,Kolkata
2406,Men,Training,Metcon 7,4.0,6458.72,0.0,17-09-2023,Online,Mumbai
2407,Kids,Running,Free RN,,9193.15,0.0,30-12-2023,Online,Kolkata
2408,Men,Soccer,Premier III,1.0,,0.0,09-10-2024,Retail,bengaluru
2409,Men,Basketball,Zoom Freak,,,0.0,19-01-2025,Retail,bengaluru
2410,Kids,Basketball,Air Jordan,,,0.0,27-03-2025,Retail,hyderbad
2025,Men,Lifestyle,Blazer Mid,1.0,8903.17,0.0,,Retail,Kolkata
2412,Kids,Lifestyle,Blazer Mid,1.0,4920.3,4231.46,,Retail,Mumbai
2413,Men,Training,Flex Trainer,3.0,7005.67,17864.46,,Retail,Kolkata
2414,Women,Basketball,Air Jordan,,8141.8,0.0,25-01-2024,Online,Hyd
2415,Women,Running,Free RN,3.0,6178.39,0.0,22-07-2024,Retail,Bangalore
2416,Kids,Soccer,Mercurial Superfly,3.0,6245.23,-2810.35,14-12-2024,Retail,Mumbai
2417,Men,Lifestyle,Dunk Low,,8293.38,0.0,29-12-2024,Retail,bengaluru
2418,Men,Soccer,Phantom GT,,9288.75,0.0,29-04-2025,Retail,Mumbai
2419,Men,Lifestyle,Dunk Low,,8738.99,0.0,14-07-2024,Online,Hyderabad
2420,Kids,Basketball,Zoom Freak,,,0.0,11-04-2024,Online,hyderbad
2421,Women,Running,React Infinity,2.0,8136.39,0.0,10-03-2025,Retail,Pune
2422,Kids,Soccer,Tiempo Legend,4.0,,0.0,23-07-2024,Retail,Mumbai
2025,Kids,Training,Flex Trainer,,4554.97,0.0,05-03-2025,Retail,hyderbad
2424,Women,Basketball,Air Jordan,,7634.65,0.0,,Online,Kolkata
2425,Kids,Training,ZoomX Invincible,,,0.0,30-12-2024,Online,bengaluru
2426,Kids,Lifestyle,Dunk Low,,2278.67,0.0,05-03-2025,Retail,Pune
2427,Men,Running,Pegasus Turbo,,2904.11,0.0,13-06-2025,Online,Delhi
2428,Kids,Basketball,Kyrie Flytrap,2.0,,0.0,07-12-2024,Retail,Mumbai
2429,Kids,Lifestyle,Dunk Low,,,0.0,25-05-2025,Online,Mumbai
2430,Women,Soccer,Tiempo Legend,3.0,,0.0,09-07-2025,Online,Pune
2431,Women,Lifestyle,Blazer Mid,1.0,,0.0,15-11-2024,Online,Hyderabad
2432,Women,Basketball,Zoom Freak,1.0,3036.61,425.13,26-10-2024,Online,Mumbai
2433,Men,Basketball,Zoom Freak,4.0,7154.83,0.0,,Retail,Pune
2434,Kids,Training,Metcon 7,-1.0,3019.25,-634.04,11-02-2025,Online,Hyderabad
2435,Kids,Lifestyle,Waffle One,,5853.58,0.0,01-04-2024,Retail,Kolkata
2436,Kids,Basketball,LeBron 20,0.0,,0.0,,Online,bengaluru
2437,Women,Running,Pegasus Turbo,3.0,,0.0,31-07-2024,Retail,hyderbad
2438,Men,Training,Metcon 7,,,0.0,24-11-2024,Retail,Mumbai
2439,Men,Lifestyle,Blazer Mid,-1.0,3239.59,0.0,03-03-2025,Retail,Bangalore
2440,Women,Basketball,Kyrie Flytrap,-1.0,7510.8,0.0,12-11-2024,Retail,Kolkata
2441,Women,Training,Metcon 7,,,0.0,,Retail,Pune
2442,Men,Soccer,Tiempo Legend,,,0.0,26-01-2025,Online,Mumbai
2443,Women,Basketball,LeBron 20,1.0,6271.66,0.0,15-03-2025,Retail,Mumbai
2444,Women,Lifestyle,Blazer Mid,3.0,3676.04,0.0,25-05-2025,Retail,Pune
2445,Women,Basketball,Air Jordan,,,0.0,02-12-2024,Online,Kolkata
2446,Men,Soccer,Mercurial Superfly,,8062.11,0.0,,Online,Kolkata
2447,Kids,Lifestyle,Waffle One,,,0.0,04-05-2024,Online,Kolkata
2003,Women,Lifestyle,Waffle One,2.0,8516.45,13285.66,30-09-2023,Online,Kolkata
2449,Women,Training,SuperRep Go,-1.0,3664.69,0.0,02-03-2025,Retail,Hyderabad
2450,Men,Basketball,Air Jordan,,7520.63,0.0,19-07-2025,Online,Kolkata
2451,Kids,Soccer,Premier III,2.0,,0.0,04-11-2023,Online,Mumbai
2452,Men,Lifestyle,Dunk Low,,8780.66,0.0,,Online,Bangalore
2453,Women,Running,React Infinity,,9344.52,0.0,,Online,Pune
2454,Women,Soccer,Tiempo Legend,,,0.0,25-02-2025,Online,Bangalore
2455,Women,Training,Metcon 7,,4071.46,0.0,22-03-2025,Retail,Delhi
2456,Women,Soccer,Premier III,0.0,4254.68,0.0,15-03-2025,Retail,Kolkata
2457,Women,Soccer,Mercurial Superfly,0.0,8206.22,0.0,04-03-2025,Retail,Bangalore
2458,Kids,Soccer,Phantom GT,,,0.0,20-12-2023,Retail,Pune
2459,Kids,Basketball,Air Jordan,,3572.52,0.0,20-04-2024,Retail,Kolkata
2460,Women,Basketball,Zoom Freak,2.0,5482.96,7127.85,04-11-2024,Online,Kolkata
2461,Women,Basketball,LeBron 20,,3939.92,0.0,,Online,Pune
2462,Men,Basketball,Zoom Freak,,4468.7,0.0,23-01-2025,Retail,Pune
2037,Women,Running,React Infinity,,,0.0,04-10-2024,Online,Delhi
2464,Women,Lifestyle,Blazer Mid,3.0,2699.59,0.0,30-06-2024,Retail,Hyderabad
2465,Kids,Lifestyle,Blazer Mid,1.0,7814.02,0.0,22-03-2025,Retail,Pune
2466,Women,Soccer,Mercurial Superfly,-1.0,6569.65,0.0,05-07-2025,Retail,Pune
2467,Kids,Training,SuperRep Go,1.0,8484.82,0.0,05-11-2023,Online,Mumbai
2468,Women,Soccer,Phantom GT,0.0,6012.23,0.0,26-10-2024,Retail,bengaluru
2469,Men,Training,Metcon 7,4.0,,0.0,21-05-2025,Retail,Mumbai
2470,Men,Soccer,Mercurial Superfly,,,0.0,07-11-2024,Online,Delhi
2471,Men,Basketball,Kyrie Flytrap,,4527.64,0.0,,Retail,Pune
2472,Men,Basketball,LeBron 20,,2255.65,0.0,05-04-2025,Online,Mumbai
2473,Men,Training,ZoomX Invincible,,8752.02,0.0,,Retail,Pune
2474,Kids,Training,Metcon 7,,,0.0,21-12-2024,Retail,Delhi
2475,Men,Running,Free RN,2.0,,0.0,07-01-2025,Online,bengaluru
2476,Men,Soccer,Premier III,,,0.0,,Retail,Pune
2477,Women,Training,ZoomX Invincible,,5923.67,0.0,30-09-2024,Online,hyderbad
2478,Women,Soccer,Mercurial Superfly,2.0,,0.0,12-05-2025,Online,Pune
2479,Women,Running,Air Zoom,,2708.99,0.0,,Online,Delhi
2480,Men,Basketball,Kyrie Flytrap,,,0.0,20-08-2024,Retail,Pune
2481,Women,Soccer,Premier III,1.0,9145.37,8505.19,17-04-2025,Online,Pune
2482,Men,Lifestyle,Air Force 1,,,0.0,14-09-2024,Online,Mumbai
2483,Kids,Running,Free RN,-1.0,,0.0,17-05-2025,Retail,Delhi
2484,Men,Soccer,Mercurial Superfly,,5308.26,0.0,10-05-2025,Retail,Bangalore
2485,Kids,Running,Air Zoom,,9307.2,0.0,17-12-2024,Online,Hyderabad
2486,Kids,Soccer,Mercurial Superfly,,,0.0,,Retail,Hyd
2487,Men,Running,Air Zoom,3.0,5881.13,3528.68,31-03-2025,Online,hyderbad
2488,Kids,Running,Free RN,4.0,6387.51,0.0,,Retail,Kolkata
2489,Men,Lifestyle,Air Force 1,4.0,,0.0,02-10-2024,Retail,hyderbad
2490,Women,Soccer,Premier III,3.0,5015.19,3761.39,26-11-2024,Online,hyderbad
2491,Kids,Soccer,Phantom GT,,8998.44,0.0,28-05-2025,Online,bengaluru
2492,Kids,Basketball,LeBron 20,,,0.0,,Online,Kolkata
2493,Women,Soccer,Premier III,3.0,6042.94,0.0,26-11-2024,Retail,Kolkata
2494,Kids,Lifestyle,Dunk Low,2.0,,0.0,20-11-2024,Retail,Mumbai
2495,Kids,Basketball,LeBron 20,3.0,,0.0,20-01-2025,Retail,Bangalore
2496,Kids,Running,React Infinity,2.0,4110.72,5590.58,24-12-2024,Retail,bengaluru
2497,Kids,Basketball,Air Jordan,1.0,,0.0,29-11-2023,Online,Mumbai
2498,Kids,Training,ZoomX Invincible,,,0.0,01-06-2025,Retail,Pune
2499,Women,Soccer,Premier III,,8347.87,0.0,07-06-2024,Retail,hyderbad
2500,Kids,Running,Pegasus Turbo,,,0.0,06-07-2025,Online,bengaluru
2501,Women,Lifestyle,Air Force 1,,6453.36,0.0,04-06-2025,Retail,Kolkata
2502,Women,Basketball,Kyrie Flytrap,0.0,,0.0,10-09-2023,Retail,Mumbai
2503,Women,Training,ZoomX Invincible,-1.0,,0.0,20-01-2025,Online,Bangalore
2504,Men,Basketball,Zoom Freak,3.0,,0.0,,Online,hyderbad
2505,Women,Running,Free RN,,,0.0,03-07-2025,Online,bengaluru
2506,Men,Training,SuperRep Go,,2225.73,0.0,27-05-2025,Online,Delhi
2507,Men,Soccer,Phantom GT,2.0,,0.0,13-03-2024,Retail,hyderbad
2508,Kids,Soccer,Premier III,1.0,,0.0,,Retail,Kolkata
2509,Men,Running,React Infinity,,,0.0,23-11-2024,Online,bengaluru
2510,Kids,Running,React Infinity,0.0,2165.14,0.0,,Online,Mumbai
2511,Men,Running,Pegasus Turbo,-1.0,6310.25,-5679.23,13-02-2025,Online,Bangalore
2512,Men,Training,Metcon 7,,6110.96,0.0,,Online,Kolkata
2513,Women,Basketball,Zoom Freak,4.0,9848.8,0.0,11-10-2024,Online,Pune
2514,Kids,Basketball,Air Jordan,1.0,,0.0,26-05-2025,Online,bengaluru
2515,Women,Training,SuperRep Go,1.0,7532.24,0.0,,Retail,Pune
2516,Kids,Running,React Infinity,,,0.0,21-01-2024,Online,Pune
2517,Men,Lifestyle,Air Force 1,1.0,3059.89,0.0,,Online,hyderbad
2518,Women,Basketball,Air Jordan,,,0.0,03-07-2024,Retail,Delhi
2519,Women,Running,React Infinity,,9701.72,0.0,10-11-2024,Online,Hyd
2520,Kids,Soccer,Mercurial Superfly,,,0.0,09-05-2025,Online,bengaluru
2521,Kids,Lifestyle,Blazer Mid,4.0,3645.35,0.0,25-09-2024,Online,Kolkata
2522,Men,Running,Pegasus Turbo,4.0,6243.91,0.0,13-02-2024,Retail,Kolkata
2523,Men,Basketball,LeBron 20,,7007.6,0.0,07-08-2024,Retail,Kolkata
2524,Women,Lifestyle,Air Force 1,,,0.0,21-11-2024,Online,Kolkata
2525,Women,Training,Metcon 7,2.0,,0.0,18-02-2025,Retail,Kolkata
2526,Kids,Lifestyle,Waffle One,1.0,,0.0,01-08-2024,Retail,Hyderabad
2527,Men,Lifestyle,Air Force 1,,7408.91,0.0,18-03-2024,Online,Delhi
2528,Women,Training,ZoomX Invincible,2.0,,0.0,10-06-2025,Online,Delhi
2529,Men,Running,React Infinity,,,0.0,,Online,Kolkata
2530,Women,Lifestyle,Dunk Low,2.0,4357.79,0.0,27-02-2025,Retail,Mumbai
2531,Men,Soccer,Premier III,,,0.0,09-04-2025,Online,Hyderabad
2532,Men,Soccer,Tiempo Legend,,,0.0,17-04-2025,Retail,Bangalore
2533,Women,Training,Flex Trainer,,,0.0,31-01-2024,Online,Mumbai
2534,Women,Training,SuperRep Go,,,0.0,,Online,Pune
2535,Men,Soccer,Tiempo Legend,2.0,2786.84,4403.21,25-01-2025,Online,Mumbai
2536,Kids,Running,Air Zoom,,2221.78,0.0,02-10-2024,Retail,Delhi
2537,Women,Lifestyle,Waffle One,,,0.0,30-05-2025,Retail,Bangalore
2538,Men,Lifestyle,Waffle One,2.0,9701.24,0.0,06-10-2024,Retail,Kolkata
2539,Women,Running,Free RN,,,0.0,26-02-2025,Online,bengaluru
2540,Women,Lifestyle,Air Force 1,,8794.64,0.0,09-01-2025,Online,Mumbai
2541,Kids,Running,React Infinity,,,0.0,19-05-2025,Retail,Mumbai
2542,Kids,Running,React Infinity,,,0.0,,Retail,Hyderabad
2543,Women,Lifestyle,Waffle One,,,0.0,,Retail,Hyd
2544,Men,Training,ZoomX Invincible,,8856.07,0.0,,Online,Bangalore
2545,Men,Training,Metcon 7,,,0.0,26-04-2025,Retail,Bangalore
2546,Kids,Training,ZoomX Invincible,,5179.57,0.0,03-10-2024,Retail,Bangalore
2547,Women,Soccer,Mercurial Superfly,1.0,3068.13,0.0,08-07-2025,Retail,Kolkata
2548,Kids,Running,Pegasus Turbo,,9557.0,0.0,23-04-2025,Online,Delhi
2549,Men,Training,Flex Trainer,,4366.09,0.0,,Retail,Delhi
2550,Men,Soccer,Premier III,1.0,6121.21,5815.15,08-09-2023,Online,Kolkata
2551,Men,Training,ZoomX Invincible,,,0.0,,Retail,Mumbai
2552,Women,Soccer,Premier III,1.0,,0.0,03-05-2025,Retail,hyderbad
2553,Kids,Basketball,Kyrie Flytrap,,6708.16,0.0,24-02-2025,Online,Delhi
2554,Women,Training,Flex Trainer,1.0,6755.56,0.0,13-01-2025,Retail,bengaluru
2555,Women,Basketball,Kyrie Flytrap,,2685.95,0.0,,Retail,Hyderabad
2556,Kids,Lifestyle,Air Force 1,1.0,,0.0,,Retail,Kolkata
2557,Men,Basketball,LeBron 20,3.0,,0.0,09-11-2024,Retail,Kolkata
2558,Kids,Basketball,Kyrie Flytrap,-1.0,3134.87,0.0,,Online,Mumbai
2559,Men,Lifestyle,Air Force 1,3.0,6011.84,0.0,10-02-2025,Online,Kolkata
2560,Kids,Basketball,Zoom Freak,2.0,,0.0,16-01-2025,Retail,Delhi
2561,Women,Soccer,Tiempo Legend,,3642.21,0.0,25-03-2024,Online,bengaluru
2562,Kids,Training,ZoomX Invincible,1.0,,0.0,21-12-2024,Retail,Mumbai
2563,Men,Soccer,Mercurial Superfly,2.0,9443.35,8687.88,13-04-2025,Retail,Kolkata
2564,Women,Basketball,LeBron 20,,,0.0,07-08-2023,Online,Delhi
2565,Women,Lifestyle,Dunk Low,4.0,3028.41,0.0,18-09-2024,Online,Mumbai
2029,Women,Running,React Infinity,,7518.66,0.0,16-12-2024,Retail,Kolkata
2567,Women,Running,Air Zoom,3.0,,0.0,15-09-2024,Online,Pune
2030,Women,Soccer,Mercurial Superfly,,2298.45,0.0,12-09-2024,Retail,Kolkata
2569,Women,Basketball,Air Jordan,2.0,9605.11,2305.23,24-08-2024,Online,hyderbad
2570,Men,Basketball,Air Jordan,,,0.0,22-03-2025,Online,bengaluru
2571,Kids,Soccer,Phantom GT,,4728.95,0.0,28-11-2023,Retail,Mumbai
2572,Men,Lifestyle,Waffle One,-1.0,2729.99,-655.2,31-01-2024,Retail,Pune
2573,Men,Soccer,Premier III,,,0.0,29-08-2024,Online,Delhi
2574,Women,Soccer,Tiempo Legend,,3502.97,0.0,19-09-2024,Retail,Delhi
2575,Men,Training,Metcon 7,2.0,3582.67,0.0,03-07-2025,Online,hyderbad
2576,Kids,Running,Pegasus Turbo,,9134.77,0.0,04-01-2025,Online,Pune
2577,Women,Running,Air Zoom,-1.0,5545.52,0.0,16-11-2023,Retail,Mumbai
2578,Men,Lifestyle,Blazer Mid,2.0,,0.0,10-05-2025,Retail,bengaluru
2579,Kids,Lifestyle,Dunk Low,3.0,9541.83,0.0,26-07-2024,Online,Delhi
2580,Kids,Training,Flex Trainer,1.0,2749.79,0.0,06-12-2024,Retail,Kolkata
2581,Kids,Running,Free RN,0.0,,0.0,30-10-2024,Online,Mumbai
2582,Men,Training,Metcon 7,,,0.0,,Online,Kolkata
2583,Men,Soccer,Tiempo Legend,,,0.0,03-09-2024,Retail,Mumbai
2584,Kids,Running,React Infinity,0.0,,0.0,,Retail,Hyd
2585,Kids,Basketball,Kyrie Flytrap,,5066.14,0.0,17-01-2025,Retail,Kolkata
2586,Men,Running,Air Zoom,,,0.0,24-11-2024,Online,Mumbai
2587,Women,Running,React Infinity,4.0,,0.0,,Online,bengaluru
2588,Kids,Basketball,LeBron 20,,,0.0,19-07-2025,Online,Pune
2589,Men,Training,Metcon 7,3.0,,0.0,17-09-2024,Online,Kolkata
2590,Men,Soccer,Premier III,,,0.0,,Retail,bengaluru
2591,Women,Training,SuperRep Go,,,0.0,21-06-2025,Retail,Kolkata
2592,Women,Lifestyle,Blazer Mid,,,0.0,13-10-2024,Retail,Mumbai
2593,Men,Lifestyle,Dunk Low,,8747.18,0.0,04-01-2025,Retail,Mumbai
2594,Women,Training,ZoomX Invincible,3.0,7944.34,7864.9,23-02-2024,Retail,hyderbad
2595,Men,Basketball,LeBron 20,0.0,,0.0,23-02-2024,Retail,Delhi
2030,Men,Soccer,Mercurial Superfly,-1.0,,0.0,15-03-2025,Online,Pune
2597,Kids,Running,Air Zoom,3.0,3348.83,0.0,05-12-2024,Online,Bangalore
2598,Women,Training,Metcon 7,,9488.84,0.0,06-12-2024,Retail,Bangalore
2599,Kids,Training,Flex Trainer,4.0,,0.0,,Retail,hyderbad
2600,Kids,Lifestyle,Air Force 1,3.0,,0.0,04-11-2024,Online,Pune
2601,Women,Soccer,Tiempo Legend,1.0,,0.0,27-09-2024,Retail,Delhi
2602,Kids,Running,Free RN,2.0,3518.53,0.0,17-11-2024,Online,Pune
2603,Women,Running,Air Zoom,0.0,,0.0,18-03-2025,Online,Hyd
2047,Men,Soccer,Phantom GT,4.0,6136.45,0.0,17-12-2024,Online,Kolkata
2605,Kids,Lifestyle,Dunk Low,-1.0,7206.45,0.0,01-02-2025,Online,bengaluru
2606,Women,Lifestyle,Air Force 1,,4040.65,0.0,04-06-2025,Retail,Mumbai
2607,Women,Basketball,LeBron 20,,,0.0,31-08-2023,Online,Kolkata
2608,Women,Lifestyle,Waffle One,2.0,,0.0,,Online,Kolkata
2609,Kids,Soccer,Premier III,,9649.28,0.0,26-04-2025,Online,bengaluru
2610,Women,Lifestyle,Blazer Mid,,8359.07,0.0,06-05-2025,Online,Bangalore
2033,Kids,Soccer,Mercurial Superfly,4.0,,0.0,,Retail,Pune
2612,Women,Training,Flex Trainer,0.0,,0.0,10-08-2023,Retail,Mumbai
2613,Women,Lifestyle,Waffle One,3.0,4374.83,9580.88,,Retail,Delhi
2614,Women,Running,React Infinity,,2265.0,0.0,05-08-2024,Retail,Bangalore
2615,Women,Soccer,Phantom GT,3.0,3042.37,8031.86,24-03-2025,Online,Pune
2616,Men,Lifestyle,Waffle One,,,0.0,07-06-2024,Online,Kolkata
2617,Kids,Soccer,Premier III,0.0,,0.0,,Online,Delhi
2618,Kids,Lifestyle,Dunk Low,,,0.0,23-06-2025,Retail,Pune
2619,Kids,Lifestyle,Waffle One,4.0,,0.0,22-01-2024,Online,Hyd
2620,Kids,Training,Flex Trainer,0.0,,0.0,,Online,Hyd
2621,Kids,Soccer,Phantom GT,3.0,6466.57,7953.88,19-05-2024,Online,Bangalore
2622,Kids,Lifestyle,Blazer Mid,,8073.58,0.0,07-04-2025,Online,Pune
2623,Men,Running,Pegasus Turbo,,4658.42,0.0,08-04-2025,Retail,Mumbai
2624,Men,Lifestyle,Blazer Mid,0.0,,0.0,,Retail,bengaluru
2625,Kids,Training,Flex Trainer,-1.0,6815.44,0.0,05-02-2025,Online,Pune
2626,Men,Running,Air Zoom,,5550.99,0.0,21-04-2025,Retail,bengaluru
2627,Women,Basketball,LeBron 20,,,0.0,31-12-2023,Online,Delhi
2628,Kids,Basketball,Kyrie Flytrap,4.0,,0.0,29-06-2025,Retail,Pune
2629,Kids,Lifestyle,Waffle One,,,0.0,23-10-2024,Retail,Bangalore
2630,Kids,Running,Pegasus Turbo,2.0,5846.21,-233.85,,Online,Delhi
2631,Women,Basketball,Zoom Freak,,,0.0,16-03-2025,Online,Kolkata
2632,Men,Running,Pegasus Turbo,-1.0,7504.2,-75.04,10-03-2024,Online,Pune
2633,Kids,Basketball,Air Jordan,0.0,,0.0,13-06-2025,Online,bengaluru
2634,Men,Lifestyle,Waffle One,,5815.75,0.0,22-08-2024,Retail,bengaluru
2635,Women,Running,React Infinity,,3934.22,0.0,28-02-2024,Online,Kolkata
2636,Men,Basketball,LeBron 20,,,0.0,,Online,bengaluru
2637,Kids,Training,SuperRep Go,,,0.0,20-04-2025,Retail,Hyd
2638,Men,Soccer,Premier III,1.0,5028.99,0.0,22-01-2024,Online,Pune
2639,Men,Lifestyle,Blazer Mid,,2597.93,0.0,25-06-2025,Retail,Pune
2640,Kids,Training,ZoomX Invincible,2.0,7900.02,0.0,02-08-2024,Online,Bangalore
2641,Men,Running,React Infinity,,2890.77,0.0,27-11-2024,Online,bengaluru
2642,Women,Lifestyle,Air Force 1,,,0.0,17-05-2025,Retail,Pune
2643,Men,Soccer,Mercurial Superfly,,,0.0,17-04-2025,Retail,Mumbai
2644,Men,Training,SuperRep Go,1.0,2640.04,0.0,,Retail,bengaluru
2022,Kids,Training,ZoomX Invincible,3.0,,0.0,27-11-2024,Retail,Mumbai
2646,Men,Soccer,Premier III,1.0,,0.0,20-10-2024,Retail,Kolkata
2647,Women,Basketball,Zoom Freak,4.0,,0.0,,Online,Mumbai
2648,Men,Running,React Infinity,,3477.49,0.0,06-03-2025,Retail,Delhi
2649,Women,Basketball,Kyrie Flytrap,,6798.48,0.0,01-02-2025,Retail,Mumbai
2650,Men,Lifestyle,Blazer Mid,,,0.0,14-08-2023,Retail,Bangalore
2651,Kids,Basketball,Air Jordan,1.0,,0.0,27-10-2024,Online,Kolkata
2652,Women,Basketball,Air Jordan,2.0,,0.0,10-04-2025,Online,Delhi
2653,Men,Running,Pegasus Turbo,,6178.85,0.0,10-12-2024,Online,Hyderabad
2654,Kids,Soccer,Tiempo Legend,,,0.0,21-07-2024,Online,Bangalore
2655,Kids,Training,SuperRep Go,,4993.94,0.0,,Retail,Mumbai
2656,Women,Soccer,Premier III,1.0,5246.43,0.0,,Retail,Bangalore
2657,Kids,Running,Air Zoom,4.0,,0.0,07-04-2025,Online,Delhi
2658,Women,Lifestyle,Dunk Low,1.0,,0.0,26-04-2025,Online,Delhi
2659,Kids,Basketball,LeBron 20,,9945.56,0.0,12-05-2025,Online,Hyd
2660,Men,Training,Flex Trainer,,,0.0,01-11-2024,Retail,Pune
2661,Kids,Soccer,Tiempo Legend,,2006.63,0.0,,Online,Delhi
2662,Kids,Training,SuperRep Go,0.0,,0.0,,Online,Delhi
2663,Kids,Training,Metcon 7,2.0,,0.0,17-06-2025,Retail,Delhi
2664,Kids,Running,Pegasus Turbo,2.0,9103.08,0.0,11-12-2024,Online,Mumbai
2665,Men,Lifestyle,Waffle One,,6140.7,0.0,,Online,Delhi
2666,Women,Soccer,Phantom GT,,3700.75,0.0,,Online,Kolkata
2667,Women,Lifestyle,Air Force 1,3.0,9367.66,0.0,23-03-2025,Online,Delhi
2668,Women,Training,ZoomX Invincible,,,0.0,20-12-2024,Retail,Bangalore
2669,Women,Training,Flex Trainer,,,0.0,,Retail,Pune
2027,Men,Soccer,Premier III,4.0,7204.01,0.0,15-06-2025,Retail,Delhi
2671,Kids,Running,Air Zoom,,9264.49,0.0,26-06-2025,Retail,Pune
2672,Women,Lifestyle,Air Force 1,2.0,,0.0,04-08-2024,Online,Mumbai
2673,Kids,Running,Pegasus Turbo,,6891.25,0.0,,Retail,Pune
2674,Women,Lifestyle,Waffle One,-1.0,4784.45,0.0,25-01-2025,Online,Pune
2675,Women,Soccer,Premier III,3.0,,0.0,04-04-2025,Online,Hyderabad
2676,Men,Running,Air Zoom,,,0.0,13-05-2025,Online,Delhi
2677,Men,Lifestyle,Air Force 1,2.0,5618.62,0.0,,Retail,bengaluru
2678,Kids,Running,Pegasus Turbo,0.0,4240.24,0.0,06-11-2024,Retail,Pune
2679,Men,Training,Flex Trainer,,2758.08,0.0,05-07-2024,Online,Bangalore
2680,Kids,Training,Metcon 7,,,0.0,21-07-2025,Retail,Pune
2681,Women,Running,Pegasus Turbo,,5996.09,0.0,,Online,Delhi
2682,Men,Basketball,LeBron 20,4.0,,0.0,28-08-2024,Retail,Pune
2683,Kids,Lifestyle,Dunk Low,1.0,,0.0,12-06-2025,Online,Mumbai
2684,Men,Lifestyle,Blazer Mid,0.0,,0.0,11-04-2025,Retail,Mumbai
2685,Kids,Lifestyle,Dunk Low,4.0,,0.0,22-05-2025,Retail,Hyderabad
2686,Women,Lifestyle,Blazer Mid,,9585.39,0.0,03-07-2025,Retail,Hyderabad
2687,Women,Lifestyle,Waffle One,-1.0,2381.94,0.0,30-09-2024,Retail,Delhi
2031,Women,Soccer,Phantom GT,,,0.0,12-07-2024,Online,Mumbai
2689,Women,Basketball,LeBron 20,,5260.17,0.0,28-01-2025,Retail,Mumbai
2690,Kids,Training,Metcon 7,,,0.0,21-11-2024,Online,Mumbai
2042,Men,Running,Air Zoom,,,0.0,,Online,Delhi
2692,Women,Training,Metcon 7,,,0.0,02-06-2024,Online,Bangalore
2693,Kids,Training,ZoomX Invincible,,,0.0,11-05-2025,Online,Bangalore
2694,Women,Training,Metcon 7,,,0.0,25-07-2024,Online,hyderbad
2695,Men,Basketball,Air Jordan,-1.0,,0.0,12-10-2024,Online,hyderbad
2696,Women,Lifestyle,Blazer Mid,,,0.0,22-11-2024,Online,Mumbai
2697,Men,Basketball,Air Jordan,-1.0,,0.0,25-06-2025,Online,Delhi
2698,Men,Basketball,LeBron 20,,,0.0,,Retail,Mumbai
2699,Men,Lifestyle,Dunk Low,0.0,,0.0,21-02-2025,Online,Mumbai
2700,Kids,Training,Metcon 7,0.0,,0.0,11-07-2025,Retail,bengaluru
2701,Men,Training,SuperRep Go,,,0.0,29-11-2024,Online,Delhi
2702,Men,Basketball,Kyrie Flytrap,0.0,,0.0,16-12-2024,Online,Pune
2703,Kids,Running,Pegasus Turbo,,5214.32,0.0,24-06-2025,Online,Kolkata
2704,Women,Basketball,LeBron 20,,5094.43,0.0,,Online,Hyd
2705,Men,Running,Pegasus Turbo,,,0.0,07-01-2024,Retail,Pune
2706,Women,Training,ZoomX Invincible,0.0,,0.0,08-05-2025,Retail,Kolkata
2707,Men,Running,Free RN,,2996.2,0.0,,Online,Hyderabad
2708,Kids,Basketball,Kyrie Flytrap,,4523.72,0.0,14-10-2024,Online,hyderbad
2709,Kids,Running,Free RN,1.0,6302.98,3277.55,08-03-2025,Retail,Delhi
2710,Women,Lifestyle,Blazer Mid,2.0,4669.75,0.0,,Retail,Bangalore
2711,Men,Soccer,Mercurial Superfly,2.0,,0.0,,Online,Delhi
2712,Women,Running,Pegasus Turbo,,,0.0,22-07-2024,Retail,Delhi
2713,Men,Lifestyle,Air Force 1,1.0,7877.36,3544.81,10-05-2025,Retail,Kolkata
2026,Women,Running,Air Zoom,,2491.06,0.0,04-09-2024,Retail,Bangalore
2715,Kids,Basketball,LeBron 20,0.0,,0.0,13-06-2025,Online,Kolkata
2716,Kids,Training,SuperRep Go,0.0,4830.96,0.0,17-11-2024,Online,Pune
2717,Men,Running,Free RN,0.0,9473.09,0.0,17-11-2024,Online,Delhi
2718,Men,Basketball,LeBron 20,,8485.23,0.0,,Retail,bengaluru
2719,Women,Training,Metcon 7,,4819.76,0.0,22-03-2024,Retail,Kolkata
2720,Kids,Training,ZoomX Invincible,,,0.0,,Retail,Delhi
2721,Kids,Training,Flex Trainer,0.0,,0.0,11-11-2023,Online,Bangalore
2722,Women,Lifestyle,Dunk Low,0.0,,0.0,30-09-2024,Online,Kolkata
2723,Women,Lifestyle,Dunk Low,,3403.54,0.0,10-03-2025,Online,Kolkata
2724,Women,Training,Flex Trainer,,8007.22,0.0,16-01-2025,Online,Delhi
2012,Men,Lifestyle,Dunk Low,,2174.89,0.0,,Retail,Kolkata
2726,Women,Training,Flex Trainer,,,0.0,19-08-2024,Retail,Pune
2727,Men,Lifestyle,Waffle One,,6154.32,0.0,,Online,Kolkata
2018,Kids,Soccer,Tiempo Legend,,,0.0,15-02-2025,Retail,bengaluru
2729,Kids,Training,Flex Trainer,,6383.55,0.0,29-04-2025,Retail,Delhi
2730,Women,Lifestyle,Dunk Low,1.0,,0.0,,Online,hyderbad
2731,Kids,Lifestyle,Dunk Low,3.0,,0.0,28-03-2025,Online,Kolkata
2732,Women,Training,SuperRep Go,0.0,3402.8,0.0,01-03-2025,Online,Hyderabad
2733,Women,Running,Free RN,,6743.38,0.0,22-11-2024,Online,Pune
2734,Women,Soccer,Tiempo Legend,-1.0,,0.0,10-07-2025,Online,Bangalore
2735,Kids,Running,Free RN,,,0.0,05-08-2024,Online,Kolkata
2736,Men,Soccer,Tiempo Legend,,,0.0,22-02-2025,Retail,Delhi
2737,Kids,Basketball,Kyrie Flytrap,,,0.0,10-09-2024,Retail,Mumbai
2738,Women,Training,ZoomX Invincible,3.0,,0.0,11-05-2025,Retail,Pune
2739,Kids,Running,Free RN,2.0,,0.0,04-02-2025,Online,Kolkata
2740,Women,Lifestyle,Air Force 1,1.0,4922.19,0.0,,Retail,bengaluru
2741,Women,Training,SuperRep Go,,5241.9,0.0,15-01-2025,Online,Hyderabad
2742,Kids,Lifestyle,Blazer Mid,,7063.25,0.0,14-11-2024,Online,Mumbai
2003,Women,Training,ZoomX Invincible,4.0,7850.87,-628.07,01-04-2025,Online,Kolkata
2744,Men,Running,Pegasus Turbo,1.0,7951.27,0.0,,Retail,Delhi
2745,Men,Soccer,Phantom GT,-1.0,,0.0,31-12-2024,Retail,hyderbad
2746,Women,Basketball,Air Jordan,-1.0,9795.69,0.0,21-09-2024,Online,Mumbai
2747,Men,Soccer,Tiempo Legend,4.0,2483.97,0.0,,Online,Delhi
2748,Men,Basketball,Kyrie Flytrap,,,0.0,14-08-2024,Retail,Pune
2028,Kids,Training,ZoomX Invincible,,5474.79,0.0,01-03-2025,Online,Pune
2750,Women,Lifestyle,Dunk Low,,,0.0,,Online,Hyderabad
2751,Men,Basketball,Air Jordan,,4776.83,0.0,09-03-2025,Retail,Delhi
2752,Kids,Lifestyle,Waffle One,0.0,,0.0,23-02-2025,Retail,Pune
2753,Men,Running,Pegasus Turbo,,,0.0,02-12-2024,Retail,Kolkata
2754,Kids,Training,ZoomX Invincible,1.0,,0.0,03-01-2025,Online,Kolkata
2755,Men,Running,React Infinity,3.0,8574.0,0.0,24-12-2024,Online,bengaluru
2756,Women,Lifestyle,Waffle One,,8510.85,0.0,21-09-2023,Retail,bengaluru
2757,Men,Soccer,Phantom GT,0.0,3101.14,0.0,21-05-2025,Online,hyderbad
2758,Women,Lifestyle,Waffle One,,,0.0,,Online,Pune
2759,Kids,Soccer,Premier III,,,0.0,26-01-2024,Retail,Delhi
2760,Men,Training,SuperRep Go,,,0.0,28-05-2025,Online,Mumbai
2761,Kids,Soccer,Premier III,4.0,,0.0,,Retail,Delhi
2762,Women,Running,Pegasus Turbo,2.0,,0.0,,Retail,Mumbai
2763,Women,Soccer,Phantom GT,4.0,3328.58,0.0,31-07-2024,Online,Pune
2764,Kids,Lifestyle,Blazer Mid,,7776.94,0.0,17-03-2025,Retail,Kolkata
2765,Women,Soccer,Premier III,,6370.84,0.0,24-06-2025,Online,Mumbai
2766,Women,Lifestyle,Dunk Low,-1.0,2609.07,0.0,23-12-2024,Retail,Mumbai
2767,Kids,Basketball,Zoom Freak,,6887.39,0.0,21-07-2025,Online,Delhi
2768,Men,Basketball,LeBron 20,,,0.0,03-01-2025,Online,Pune
2050,Men,Basketball,LeBron 20,,8335.48,0.0,30-06-2025,Retail,Mumbai
2770,Men,Soccer,Tiempo Legend,,,0.0,22-08-2024,Online,Kolkata
2771,Men,Running,Pegasus Turbo,,5222.92,0.0,26-05-2025,Online,Delhi
2772,Kids,Basketball,Zoom Freak,,,0.0,04-01-2025,Online,Pune
2773,Women,Training,ZoomX Invincible,1.0,5045.62,-1059.58,02-04-2025,Online,hyderbad
2774,Women,Running,Free RN,,,0.0,,Online,bengaluru
2775,Men,Lifestyle,Air Force 1,,,0.0,,Online,Pune
2776,Men,Training,Flex Trainer,,,0.0,17-03-2025,Retail,Mumbai
2777,Kids,Basketball,Air Jordan,,9062.25,0.0,,Retail,Kolkata
2778,Kids,Soccer,Phantom GT,0.0,4462.26,0.0,20-06-2025,Online,Hyd
2779,Kids,Basketball,Kyrie Flytrap,,,0.0,06-12-2024,Online,bengaluru
2780,Men,Training,Metcon 7,1.0,4308.75,2929.95,,Online,Hyderabad
2781,Men,Training,Metcon 7,1.0,6546.59,2094.91,03-09-2023,Retail,Bangalore
2782,Women,Training,ZoomX Invincible,,8292.37,0.0,,Online,Pune
2783,Women,Running,React Infinity,,,0.0,08-09-2024,Retail,Pune
2784,Women,Basketball,Kyrie Flytrap,,,0.0,28-01-2025,Online,Pune
2785,Women,Lifestyle,Blazer Mid,2.0,,0.0,20-10-2024,Retail,Hyderabad
2786,Women,Lifestyle,Blazer Mid,,,0.0,20-10-2024,Online,Hyd
2787,Kids,Training,Metcon 7,3.0,3440.88,0.0,31-08-2024,Online,Pune
2788,Women,Soccer,Mercurial Superfly,,7478.84,0.0,04-01-2024,Retail,Hyd
2789,Kids,Lifestyle,Dunk Low,,,0.0,15-01-2024,Retail,Kolkata
2790,Kids,Running,React Infinity,,,0.0,17-08-2024,Retail,Delhi
2791,Kids,Training,Metcon 7,,,0.0,29-05-2024,Retail,Delhi
2792,Kids,Lifestyle,Waffle One,-1.0,4338.16,0.0,08-05-2025,Online,Kolkata
2793,Men,Running,Pegasus Turbo,0.0,,0.0,12-10-2024,Retail,bengaluru
2794,Women,Soccer,Mercurial Superfly,,,0.0,,Online,Mumbai
2795,Women,Running,React Infinity,0.0,,0.0,,Retail,Delhi
2796,Men,Lifestyle,Dunk Low,-1.0,2849.49,0.0,08-11-2023,Retail,Mumbai
2797,Women,Lifestyle,Dunk Low,,2162.29,0.0,30-03-2025,Retail,Delhi
2798,Kids,Lifestyle,Dunk Low,,8546.98,0.0,,Retail,Mumbai
2799,Kids,Training,SuperRep Go,3.0,2359.47,3256.07,08-07-2025,Online,Mumbai
2800,Women,Running,React Infinity,0.0,8737.08,0.0,13-03-2025,Online,Delhi
2801,Women,Running,React Infinity,2.0,,0.0,13-02-2024,Retail,Mumbai
2802,Men,Running,Free RN,3.0,,0.0,19-01-2024,Online,Kolkata
2803,Women,Soccer,Mercurial Superfly,0.0,,0.0,02-11-2023,Online,hyderbad
2804,Kids,Running,Pegasus Turbo,-1.0,,0.0,,Online,hyderbad
2805,Women,Running,Pegasus Turbo,-1.0,,0.0,28-08-2023,Online,Pune
2806,Kids,Basketball,Kyrie Flytrap,3.0,4466.78,0.0,10-02-2024,Online,Bangalore
2807,Kids,Training,ZoomX Invincible,2.0,,0.0,01-10-2024,Online,hyderbad
2808,Women,Running,Pegasus Turbo,0.0,7810.49,0.0,,Online,bengaluru
2809,Women,Running,Free RN,0.0,3260.38,0.0,,Retail,Mumbai
2810,Men,Running,Air Zoom,2.0,2943.44,2766.83,,Retail,hyderbad
2811,Men,Basketball,Zoom Freak,3.0,9153.02,0.0,24-01-2025,Retail,Bangalore
2812,Men,Basketball,LeBron 20,2.0,9507.39,18824.63,08-08-2024,Online,Kolkata
2813,Men,Running,Free RN,4.0,7450.8,0.0,,Online,bengaluru
2814,Kids,Running,React Infinity,0.0,,0.0,07-10-2024,Online,Delhi
2815,Kids,Training,Flex Trainer,0.0,,0.0,,Online,Kolkata
2816,Men,Basketball,LeBron 20,3.0,5983.35,0.0,22-01-2025,Retail,Hyderabad
2032,Women,Soccer,Mercurial Superfly,2.0,,0.0,16-10-2024,Online,Kolkata
2818,Kids,Soccer,Premier III,-1.0,,0.0,08-05-2025,Retail,Pune
2819,Kids,Soccer,Premier III,,7645.41,0.0,20-01-2025,Retail,bengaluru
2820,Women,Lifestyle,Blazer Mid,4.0,8659.15,0.0,05-08-2024,Online,Mumbai
2821,Kids,Lifestyle,Air Force 1,0.0,3360.35,0.0,08-04-2025,Online,Delhi
2822,Women,Lifestyle,Blazer Mid,,8314.34,0.0,10-07-2025,Retail,Bangalore
2823,Men,Soccer,Mercurial Superfly,1.0,,0.0,27-07-2024,Retail,Mumbai
2824,Men,Basketball,Air Jordan,4.0,5123.35,0.0,02-11-2024,Online,Mumbai
2825,Kids,Training,SuperRep Go,,,0.0,,Retail,Pune
2826,Kids,Lifestyle,Blazer Mid,2.0,,0.0,,Retail,bengaluru
2827,Men,Basketball,Air Jordan,0.0,4278.28,0.0,27-01-2025,Retail,Hyderabad
2828,Women,Training,ZoomX Invincible,,2095.0,0.0,05-09-2024,Online,hyderbad
2829,Men,Basketball,LeBron 20,,,0.0,17-07-2024,Online,Kolkata
2830,Men,Basketball,Air Jordan,-1.0,8572.48,-1028.7,,Online,Delhi
2831,Women,Training,SuperRep Go,4.0,,0.0,10-11-2024,Online,Mumbai
2832,Kids,Basketball,Kyrie Flytrap,0.0,,0.0,17-05-2024,Retail,Hyd
2833,Women,Training,Flex Trainer,4.0,2224.9,0.0,19-01-2025,Online,Pune
2834,Kids,Training,Flex Trainer,-1.0,9544.08,0.0,05-09-2024,Retail,Kolkata
2835,Women,Lifestyle,Air Force 1,,9240.64,0.0,07-10-2024,Retail,Pune
2836,Men,Basketball,Kyrie Flytrap,0.0,9098.9,0.0,22-07-2025,Retail,Delhi
2837,Women,Running,Pegasus Turbo,,8889.68,0.0,,Online,Mumbai
2838,Women,Basketball,Air Jordan,4.0,8605.73,0.0,08-01-2025,Retail,Pune
2839,Men,Lifestyle,Waffle One,,,0.0,03-03-2025,Online,Hyd
2050,Women,Lifestyle,Blazer Mid,-1.0,,0.0,28-11-2024,Online,Kolkata
2841,Men,Basketball,LeBron 20,1.0,4166.94,0.0,,Online,Delhi
2842,Women,Soccer,Phantom GT,-1.0,,0.0,19-01-2025,Online,Bangalore
2843,Men,Training,SuperRep Go,,,0.0,25-04-2025,Online,Mumbai
2844,Men,Lifestyle,Waffle One,2.0,6495.53,10003.12,,Retail,Mumbai
2845,Men,Training,ZoomX Invincible,,,0.0,31-10-2023,Retail,Pune
2846,Kids,Training,ZoomX Invincible,,2932.99,0.0,29-10-2024,Online,Pune
2847,Men,Training,Metcon 7,0.0,,0.0,16-11-2024,Online,Bangalore
2848,Kids,Running,Free RN,,9476.8,0.0,14-08-2024,Online,Hyderabad
2008,Men,Running,Air Zoom,,,0.0,25-07-2024,Retail,Mumbai
2850,Kids,Lifestyle,Waffle One,2.0,,0.0,10-11-2024,Retail,Pune
2851,Kids,Lifestyle,Blazer Mid,,2241.11,0.0,28-12-2024,Online,Mumbai
2852,Kids,Running,React Infinity,,,0.0,,Online,Delhi
2853,Women,Basketball,Kyrie Flytrap,,,0.0,06-02-2025,Retail,hyderbad
2854,Women,Basketball,LeBron 20,-1.0,,0.0,07-11-2023,Online,Pune
2855,Kids,Basketball,Air Jordan,,2809.8,0.0,20-04-2025,Online,Mumbai
2856,Kids,Basketball,Kyrie Flytrap,,,0.0,12-10-2023,Online,Kolkata
2857,Women,Running,React Infinity,,4105.44,0.0,25-08-2024,Online,Kolkata
2858,Kids,Lifestyle,Air Force 1,0.0,,0.0,26-10-2024,Retail,Pune
2859,Women,Lifestyle,Air Force 1,,,0.0,,Online,Pune
2860,Kids,Lifestyle,Air Force 1,-1.0,7568.04,0.0,07-04-2025,Retail,hyderbad
2861,Kids,Training,ZoomX Invincible,0.0,,0.0,20-04-2025,Online,Pune
2862,Kids,Soccer,Phantom GT,4.0,7940.29,-635.22,11-11-2024,Retail,Delhi
2863,Women,Training,Metcon 7,,8609.77,0.0,23-11-2024,Retail,Pune
2864,Kids,Soccer,Tiempo Legend,-1.0,6445.79,-3545.18,23-03-2025,Online,bengaluru
2865,Women,Soccer,Phantom GT,1.0,,0.0,16-12-2024,Retail,Kolkata
2866,Kids,Training,SuperRep Go,2.0,,0.0,09-01-2025,Online,Pune
2867,Men,Soccer,Mercurial Superfly,1.0,9936.58,0.0,20-02-2025,Online,Hyd
2868,Women,Running,React Infinity,,7379.45,0.0,23-10-2024,Retail,Delhi
2869,Kids,Soccer,Premier III,4.0,,0.0,26-07-2024,Online,Pune
2870,Kids,Training,Metcon 7,1.0,9633.68,0.0,05-10-2024,Retail,Delhi
2871,Men,Training,Flex Trainer,1.0,2294.09,0.0,22-07-2025,Retail,Bangalore
2872,Men,Basketball,Kyrie Flytrap,,3953.13,0.0,08-01-2024,Online,Kolkata
2873,Women,Running,Air Zoom,,9050.52,0.0,,Retail,bengaluru
2874,Women,Soccer,Mercurial Superfly,,,0.0,04-03-2024,Retail,Delhi
2875,Women,Lifestyle,Dunk Low,4.0,7401.53,0.0,16-09-2024,Retail,Bangalore
2876,Kids,Lifestyle,Waffle One,,,0.0,21-08-2024,Retail,Hyd
2877,Women,Basketball,Kyrie Flytrap,,,0.0,08-12-2024,Retail,Kolkata
2878,Women,Training,ZoomX Invincible,,9213.58,0.0,,Retail,Hyderabad
2879,Kids,Basketball,Zoom Freak,,2831.62,0.0,03-02-2025,Retail,bengaluru
2880,Kids,Basketball,Air Jordan,0.0,8132.33,0.0,19-05-2025,Retail,Delhi
2050,Kids,Basketball,Zoom Freak,3.0,,0.0,30-06-2025,Retail,Kolkata
2882,Men,Training,Metcon 7,2.0,,0.0,,Retail,Kolkata
2883,Kids,Soccer,Premier III,,,0.0,24-03-2025,Online,Delhi
2884,Kids,Running,Pegasus Turbo,,9897.0,0.0,10-05-2025,Online,hyderbad
2885,Women,Lifestyle,Blazer Mid,0.0,7671.31,0.0,,Retail,Kolkata
2886,Kids,Running,Free RN,0.0,8164.32,0.0,19-08-2024,Retail,Pune
2887,Women,Lifestyle,Waffle One,,9292.33,0.0,25-02-2024,Online,hyderbad
2888,Kids,Running,Air Zoom,,8956.73,0.0,24-06-2025,Online,Pune
2889,Women,Basketball,Zoom Freak,,,0.0,01-09-2024,Online,Hyd
2890,Men,Soccer,Phantom GT,,,0.0,23-05-2025,Retail,Bangalore
2891,Women,Running,Air Zoom,0.0,,0.0,,Retail,Hyderabad
2892,Women,Running,Free RN,4.0,,0.0,24-11-2024,Online,bengaluru
2893,Women,Running,React Infinity,1.0,,0.0,01-04-2025,Retail,Delhi
2894,Women,Lifestyle,Air Force 1,,,0.0,20-11-2024,Retail,hyderbad
2895,Kids,Running,React Infinity,3.0,,0.0,03-08-2024,Online,Pune
2896,Kids,Training,SuperRep Go,,6252.51,0.0,15-02-2025,Online,Delhi
2897,Men,Lifestyle,Waffle One,1.0,,0.0,,Retail,Kolkata
2898,Women,Running,Free RN,1.0,,0.0,,Retail,Kolkata
2899,Men,Basketball,LeBron 20,3.0,6531.36,0.0,17-05-2025,Online,Mumbai
2006,Men,Lifestyle,Waffle One,2.0,,0.0,26-09-2023,Retail,Mumbai
2005,Kids,Soccer,Mercurial Superfly,,9794.84,0.0,,Retail,Hyd
2902,Kids,Basketball,Kyrie Flytrap,,8138.68,0.0,13-05-2025,Retail,Kolkata
2903,Men,Soccer,Phantom GT,,2735.54,0.0,05-09-2024,Retail,Delhi
2904,Women,Soccer,Tiempo Legend,2.0,8644.67,7953.1,29-04-2025,Online,bengaluru
2905,Men,Running,React Infinity,,5762.39,0.0,15-07-2025,Retail,hyderbad
2906,Women,Lifestyle,Waffle One,1.0,,0.0,25-08-2024,Retail,Delhi
2907,Men,Soccer,Premier III,,8432.5,0.0,25-02-2024,Retail,Kolkata
2908,Men,Running,Pegasus Turbo,,,0.0,22-11-2024,Retail,Hyd
2909,Women,Running,Air Zoom,,7617.75,0.0,20-08-2024,Retail,Pune
2910,Kids,Training,Flex Trainer,,,0.0,15-04-2025,Retail,bengaluru
2911,Kids,Basketball,Zoom Freak,,,0.0,26-10-2023,Retail,Mumbai
2912,Kids,Running,React Infinity,2.0,9839.63,393.59,07-03-2024,Online,bengaluru
2913,Women,Lifestyle,Dunk Low,,,0.0,25-06-2025,Online,Pune
2914,Men,Soccer,Tiempo Legend,,7603.38,0.0,25-03-2025,Online,Mumbai
2915,Men,Basketball,Kyrie Flytrap,1.0,4994.83,0.0,,Retail,Mumbai
2916,Kids,Lifestyle,Blazer Mid,,,0.0,05-08-2024,Retail,Hyderabad
2917,Men,Soccer,Phantom GT,1.0,3204.72,0.0,21-12-2024,Retail,Bangalore
2918,Men,Training,SuperRep Go,,,0.0,07-11-2024,Retail,Mumbai
2919,Men,Soccer,Premier III,,7323.53,0.0,01-04-2025,Retail,Bangalore
2920,Kids,Soccer,Mercurial Superfly,2.0,5891.32,-2120.88,,Retail,Kolkata
2921,Kids,Training,Metcon 7,,9092.33,0.0,13-01-2025,Retail,Bangalore
2922,Kids,Soccer,Tiempo Legend,2.0,,0.0,16-01-2025,Online,Kolkata
2923,Women,Training,Metcon 7,,6991.93,0.0,,Online,Mumbai
2924,Women,Basketball,LeBron 20,,8776.01,0.0,,Retail,bengaluru
2006,Men,Lifestyle,Waffle One,4.0,6064.42,0.0,,Online,Hyd
2026,Women,Soccer,Premier III,,,0.0,01-10-2024,Retail,Mumbai
2927,Men,Training,Flex Trainer,,6316.75,0.0,,Retail,Mumbai
2928,Women,Lifestyle,Waffle One,3.0,,0.0,07-09-2024,Online,Delhi
2929,Kids,Soccer,Tiempo Legend,,6589.95,0.0,01-04-2024,Retail,Hyderabad
2930,Women,Basketball,Air Jordan,,,0.0,20-12-2024,Retail,Bangalore
2931,Men,Basketball,Zoom Freak,,,0.0,25-08-2023,Retail,Pune
2932,Kids,Running,Air Zoom,0.0,,0.0,01-03-2025,Online,Bangalore
2933,Women,Training,ZoomX Invincible,2.0,9501.17,0.0,13-04-2024,Retail,hyderbad
2934,Women,Basketball,LeBron 20,-1.0,2370.91,0.0,14-03-2024,Online,Mumbai
2935,Men,Lifestyle,Dunk Low,4.0,,0.0,13-05-2024,Online,Hyd
2936,Women,Training,Flex Trainer,1.0,6496.58,4612.57,31-07-2024,Retail,Pune
2937,Women,Training,Metcon 7,,,0.0,,Online,Delhi
2938,Kids,Soccer,Phantom GT,1.0,,0.0,14-01-2025,Online,Delhi
2939,Women,Basketball,Air Jordan,4.0,6858.76,0.0,,Retail,Mumbai
2940,Women,Soccer,Premier III,-1.0,8412.43,0.0,06-05-2025,Retail,Hyd
2941,Men,Lifestyle,Blazer Mid,-1.0,9331.65,0.0,02-05-2025,Retail,Kolkata
2942,Women,Training,Flex Trainer,4.0,5222.39,8982.51,16-04-2025,Online,Bangalore
2943,Women,Training,SuperRep Go,-1.0,3390.0,0.0,09-10-2024,Retail,Mumbai
2944,Women,Training,ZoomX Invincible,,9738.93,0.0,06-10-2024,Retail,Pune
2945,Kids,Basketball,LeBron 20,-1.0,3519.94,0.0,,Online,Mumbai
2946,Kids,Running,Free RN,,5691.68,0.0,,Retail,bengaluru
2947,Women,Lifestyle,Blazer Mid,,4113.48,0.0,04-12-2024,Online,Mumbai
2948,Men,Basketball,Kyrie Flytrap,0.0,,0.0,19-04-2025,Online,Kolkata
2949,Men,Running,React Infinity,,,0.0,05-07-2025,Online,Delhi
2950,Women,Running,React Infinity,,9151.36,0.0,,Online,Pune
2036,Women,Soccer,Premier III,2.0,,0.0,,Online,Mumbai
2952,Kids,Training,SuperRep Go,,5443.44,0.0,13-09-2024,Retail,Kolkata
2049,Men,Training,Metcon 7,2.0,,0.0,04-12-2024,Online,Bangalore
2954,Women,Training,Flex Trainer,-1.0,4709.79,0.0,,Retail,Pune
2955,Kids,Basketball,LeBron 20,,9846.09,0.0,30-07-2024,Retail,Kolkata
2956,Kids,Training,ZoomX Invincible,4.0,,0.0,16-05-2024,Online,Mumbai
2957,Men,Basketball,Zoom Freak,,5348.89,0.0,19-11-2024,Online,Kolkata
2958,Women,Lifestyle,Blazer Mid,4.0,7898.87,0.0,07-05-2025,Online,Mumbai
2959,Women,Training,SuperRep Go,,,0.0,,Retail,Delhi
2960,Men,Training,ZoomX Invincible,,,0.0,,Retail,Hyd
2961,Kids,Soccer,Tiempo Legend,,,0.0,21-11-2024,Retail,Mumbai
2962,Women,Lifestyle,Air Force 1,-1.0,2446.23,0.0,,Online,Hyderabad
2963,Kids,Training,Flex Trainer,,,0.0,10-06-2025,Retail,bengaluru
2964,Kids,Basketball,Zoom Freak,-1.0,,0.0,17-06-2024,Online,Mumbai
2965,Men,Training,Metcon 7,,2171.48,0.0,28-04-2025,Retail,bengaluru
2966,Kids,Training,Flex Trainer,3.0,,0.0,27-02-2025,Online,Pune
2035,Men,Lifestyle,Dunk Low,,3598.07,0.0,,Retail,Kolkata
2968,Kids,Training,Flex Trainer,,5283.1,0.0,24-01-2025,Retail,Bangalore
2969,Men,Training,ZoomX Invincible,,,0.0,19-07-2025,Online,Pune
2970,Men,Basketball,Air Jordan,,,0.0,,Online,bengaluru
2971,Women,Lifestyle,Dunk Low,,9330.31,0.0,10-11-2024,Online,Pune
2972,Women,Soccer,Phantom GT,,,0.0,05-10-2024,Online,Kolkata
2973,Kids,Soccer,Phantom GT,,3347.42,0.0,31-10-2024,Online,bengaluru
2974,Men,Running,Pegasus Turbo,3.0,,0.0,,Online,Bangalore
2975,Kids,Soccer,Mercurial Superfly,1.0,5037.43,0.0,10-11-2024,Online,Delhi
2976,Men,Running,Pegasus Turbo,,6703.48,0.0,08-08-2024,Retail,hyderbad
2977,Kids,Training,ZoomX Invincible,3.0,2959.26,5593.0,,Online,Kolkata
2978,Women,Running,Air Zoom,,,0.0,14-04-2025,Retail,Kolkata
2979,Men,Soccer,Mercurial Superfly,,,0.0,,Retail,bengaluru
2980,Women,Running,React Infinity,4.0,8899.81,0.0,,Retail,bengaluru
2981,Kids,Soccer,Premier III,4.0,5185.52,0.0,10-01-2025,Retail,Pune
2982,Men,Lifestyle,Dunk Low,,,0.0,07-06-2025,Online,Kolkata
2983,Women,Running,Pegasus Turbo,,8203.8,0.0,,Retail,bengaluru
2984,Men,Soccer,Phantom GT,,4343.12,0.0,06-09-2024,Online,Kolkata
2985,Kids,Running,Free RN,,8996.05,0.0,16-05-2024,Online,bengaluru
2986,Kids,Basketball,LeBron 20,,6877.77,0.0,10-04-2025,Online,Pune
2987,Women,Soccer,Premier III,,,0.0,08-08-2024,Online,Pune
2009,Women,Lifestyle,Dunk Low,,6481.4,0.0,26-07-2024,Retail,bengaluru
2989,Men,Soccer,Mercurial Superfly,1.0,6429.61,0.0,14-02-2024,Online,bengaluru
2990,Kids,Basketball,Kyrie Flytrap,,2601.99,0.0,23-09-2024,Retail,Bangalore
2991,Men,Training,SuperRep Go,,4004.4,0.0,,Retail,Pune
2992,Men,Soccer,Premier III,,,0.0,24-10-2024,Online,Kolkata
2993,Men,Soccer,Premier III,4.0,,0.0,13-10-2024,Retail,Hyd
2994,Women,Lifestyle,Air Force 1,,2932.39,0.0,07-12-2024,Retail,Mumbai
2995,Kids,Lifestyle,Blazer Mid,,8679.97,0.0,,Online,Delhi
2996,Women,Basketball,Air Jordan,,,0.0,01-07-2025,Online,Pune
2043,Women,Lifestyle,Waffle One,-1.0,,0.0,13-10-2024,Retail,Mumbai
2998,Women,Training,Flex Trainer,,8835.27,0.0,05-06-2025,Online,Delhi
2033,Women,Soccer,Premier III,0.0,,0.0,,Online,Kolkata
3000,Kids,Running,Free RN,1.0,,0.0,,Retail,Mumbai
3001,Men,Soccer,Premier III,,,0.0,25-01-2024,Online,Delhi
3002,Women,Lifestyle,Waffle One,4.0,,0.0,22-11-2024,Retail,Delhi
3003,Men,Basketball,Zoom Freak,2.0,,0.0,03-08-2023,Online,Bangalore
3004,Men,Training,ZoomX Invincible,2.0,6897.68,0.0,,Retail,Pune
3005,Women,Basketball,Zoom Freak,,,0.0,23-04-2025,Online,Delhi
3006,Kids,Lifestyle,Blazer Mid,4.0,,0.0,,Online,Pune
3007,Women,Soccer,Tiempo Legend,1.0,7680.16,-1766.44,30-05-2025,Online,Bangalore
3008,Men,Soccer,Phantom GT,,,0.0,,Online,Pune
3009,Men,Lifestyle,Waffle One,,,0.0,15-08-2024,Online,Bangalore
3010,Women,Soccer,Tiempo Legend,,,0.0,05-05-2025,Online,Pune
3011,Women,Running,Pegasus Turbo,1.0,,0.0,,Retail,Hyderabad
3012,Men,Lifestyle,Blazer Mid,2.0,3758.51,0.0,,Retail,Hyd
3013,Kids,Basketball,Zoom Freak,4.0,,0.0,16-06-2025,Retail,Kolkata
3014,Men,Running,Air Zoom,0.0,,0.0,30-01-2025,Retail,Hyd
3015,Women,Running,React Infinity,-1.0,,0.0,,Online,Kolkata
3016,Women,Running,Air Zoom,0.0,8931.44,0.0,31-08-2024,Retail,bengaluru
3017,Women,Basketball,LeBron 20,,8240.15,0.0,,Retail,Delhi
3018,Kids,Soccer,Premier III,,,0.0,22-08-2024,Retail,Kolkata
3019,Women,Running,Free RN,,9942.61,0.0,19-12-2023,Retail,Kolkata
3020,Kids,Lifestyle,Dunk Low,1.0,6153.37,0.0,,Retail,Hyderabad
3021,Women,Soccer,Mercurial Superfly,4.0,,0.0,21-09-2023,Retail,Hyd
3022,Kids,Training,ZoomX Invincible,-1.0,4318.48,0.0,14-05-2025,Online,Delhi
3023,Kids,Basketball,Zoom Freak,,2493.28,0.0,19-05-2024,Retail,Delhi
3024,Kids,Running,Free RN,,,0.0,07-12-2024,Online,Mumbai
3025,Kids,Lifestyle,Blazer Mid,4.0,,0.0,25-08-2024,Retail,hyderbad
3026,Women,Lifestyle,Blazer Mid,,,0.0,12-03-2025,Online,bengaluru
3027,Women,Training,SuperRep Go,2.0,9593.27,0.0,25-10-2024,Retail,Delhi
3028,Kids,Running,Air Zoom,4.0,5837.53,0.0,29-01-2025,Retail,Kolkata
3029,Kids,Training,ZoomX Invincible,,,0.0,,Retail,Bangalore
3030,Men,Soccer,Mercurial Superfly,3.0,6969.28,8781.29,08-08-2023,Online,Kolkata
3031,Kids,Soccer,Premier III,4.0,8588.14,0.0,11-10-2023,Online,Kolkata
3032,Men,Running,React Infinity,0.0,,0.0,16-01-2025,Online,Mumbai
3033,Men,Training,ZoomX Invincible,,9397.68,0.0,21-11-2024,Retail,Hyd
3034,Men,Soccer,Premier III,2.0,,0.0,,Online,Pune
3035,Kids,Training,Flex Trainer,4.0,9625.47,0.0,,Retail,hyderbad
3036,Kids,Lifestyle,Dunk Low,2.0,2879.09,0.0,15-10-2024,Retail,hyderbad
2033,Kids,Lifestyle,Waffle One,,,0.0,22-01-2025,Online,Kolkata
3038,Kids,Lifestyle,Air Force 1,0.0,4195.03,0.0,27-01-2025,Retail,Delhi
3039,Kids,Soccer,Premier III,,5366.19,0.0,17-03-2024,Online,Pune
3040,Women,Lifestyle,Waffle One,,,0.0,12-08-2024,Online,Hyd
3041,Kids,Lifestyle,Waffle One,,4884.55,0.0,03-01-2025,Online,Bangalore
3042,Men,Lifestyle,Air Force 1,1.0,,0.0,,Online,Delhi
3043,Men,Running,React Infinity,2.0,,0.0,11-04-2025,Retail,Delhi
3044,Kids,Lifestyle,Air Force 1,3.0,4222.2,0.0,,Retail,Hyderabad
3045,Kids,Soccer,Premier III,1.0,2196.2,0.0,,Retail,Bangalore
3046,Men,Basketball,Air Jordan,,4597.23,0.0,26-05-2025,Online,bengaluru
3047,Women,Basketball,Kyrie Flytrap,3.0,6175.84,1852.75,14-10-2024,Online,Hyderabad
3048,Women,Lifestyle,Waffle One,1.0,,0.0,17-07-2025,Retail,Hyderabad
3049,Kids,Lifestyle,Air Force 1,,,0.0,22-06-2025,Online,Pune
3050,Kids,Basketball,Kyrie Flytrap,4.0,,0.0,,Online,Delhi
3051,Men,Training,Metcon 7,,,0.0,28-07-2024,Online,bengaluru
3052,Kids,Running,React Infinity,,9448.34,0.0,03-03-2025,Online,Delhi
3053,Women,Lifestyle,Air Force 1,,6323.09,0.0,18-09-2024,Retail,Mumbai
3054,Men,Soccer,Premier III,,6667.47,0.0,17-12-2024,Retail,Pune
2048,Kids,Basketball,LeBron 20,,5357.49,0.0,,Online,Pune
3056,Men,Training,ZoomX Invincible,,,0.0,,Online,Mumbai
3057,Women,Soccer,Mercurial Superfly,,4244.95,0.0,21-01-2025,Retail,bengaluru
3058,Men,Soccer,Phantom GT,-1.0,8048.66,0.0,01-08-2023,Retail,Kolkata
3059,Women,Running,React Infinity,3.0,,0.0,19-06-2025,Online,Hyderabad
3060,Women,Running,Free RN,,,0.0,09-09-2024,Retail,Bangalore
3061,Kids,Running,Pegasus Turbo,,,0.0,,Retail,Mumbai
3062,Women,Soccer,Phantom GT,1.0,6936.34,3745.62,19-03-2025,Retail,Mumbai
3063,Kids,Running,Air Zoom,2.0,9676.61,0.0,20-04-2025,Online,Mumbai
3064,Men,Soccer,Tiempo Legend,,6041.3,0.0,11-01-2024,Retail,Pune
3065,Women,Running,Free RN,,,0.0,,Online,Kolkata
3066,Kids,Training,ZoomX Invincible,,,0.0,01-03-2024,Online,Mumbai
3067,Men,Lifestyle,Blazer Mid,4.0,,0.0,05-03-2024,Retail,hyderbad
3068,Kids,Lifestyle,Air Force 1,4.0,4867.07,-4088.34,25-05-2025,Online,Delhi
3069,Men,Training,Metcon 7,1.0,,0.0,13-04-2025,Online,Hyd
3070,Women,Running,Air Zoom,,6737.19,0.0,,Online,Hyd
3071,Women,Running,Air Zoom,,5081.53,0.0,21-10-2023,Online,Mumbai
3072,Men,Training,Flex Trainer,,,0.0,26-08-2024,Retail,Mumbai
3073,Men,Training,ZoomX Invincible,,,0.0,14-06-2025,Retail,Mumbai
3074,Women,Running,Free RN,,,0.0,,Online,Hyd
3075,Kids,Soccer,Premier III,,,0.0,28-05-2025,Retail,Mumbai
2044,Kids,Lifestyle,Blazer Mid,,4032.43,0.0,,Online,Hyd
3077,Men,Lifestyle,Dunk Low,,,0.0,,Online,Pune
3078,Men,Running,Free RN,1.0,2555.18,0.0,14-09-2024,Online,Delhi
3079,Women,Running,React Infinity,,,0.0,10-01-2024,Retail,bengaluru
3080,Kids,Running,Air Zoom,4.0,3317.71,0.0,,Online,Hyd
3081,Kids,Training,Flex Trainer,,8442.39,0.0,10-02-2025,Retail,Mumbai
3082,Men,Training,Metcon 7,-1.0,,0.0,11-08-2024,Online,Delhi
3083,Kids,Training,ZoomX Invincible,,8535.31,0.0,29-08-2024,Retail,Delhi
3084,Women,Lifestyle,Blazer Mid,,8955.52,0.0,,Retail,Pune
3085,Men,Soccer,Phantom GT,,,0.0,,Online,Delhi
3086,Kids,Basketball,Kyrie Flytrap,-1.0,,0.0,,Retail,Bangalore
3087,Kids,Lifestyle,Waffle One,3.0,2765.77,0.0,08-01-2025,Retail,bengaluru
3088,Kids,Training,ZoomX Invincible,3.0,,0.0,,Online,Delhi
3089,Women,Basketball,Zoom Freak,,8399.35,0.0,31-05-2025,Online,Mumbai
3090,Women,Basketball,LeBron 20,,8187.65,0.0,11-12-2023,Retail,Pune
3091,Women,Basketball,Air Jordan,1.0,8666.84,6066.79,13-02-2025,Online,Hyderabad
3092,Kids,Training,Metcon 7,,3005.37,0.0,09-03-2025,Retail,Kolkata
3093,Women,Soccer,Tiempo Legend,3.0,,0.0,29-06-2025,Retail,Kolkata
3094,Men,Basketball,Zoom Freak,,4731.54,0.0,11-07-2024,Online,Delhi
3095,Men,Running,Free RN,,9297.64,0.0,16-02-2025,Retail,Delhi
3096,Men,Training,ZoomX Invincible,4.0,,0.0,05-03-2025,Online,Hyderabad
3097,Men,Lifestyle,Blazer Mid,,,0.0,24-01-2025,Online,hyderbad
3098,Women,Basketball,Kyrie Flytrap,,5562.46,0.0,14-04-2025,Retail,Kolkata
3099,Women,Lifestyle,Waffle One,,8462.09,0.0,21-10-2024,Online,Mumbai
3100,Women,Training,ZoomX Invincible,4.0,,0.0,30-06-2025,Retail,Mumbai
2021,Men,Lifestyle,Blazer Mid,3.0,3723.21,0.0,22-06-2025,Online,bengaluru
3102,Kids,Basketball,LeBron 20,,,0.0,18-06-2025,Retail,bengaluru
3103,Kids,Lifestyle,Blazer Mid,2.0,,0.0,06-01-2025,Online,Mumbai
3104,Men,Running,Free RN,0.0,7734.26,0.0,09-02-2025,Online,Bangalore
3105,Women,Soccer,Phantom GT,4.0,,0.0,30-11-2024,Online,Pune
3106,Men,Running,Pegasus Turbo,,,0.0,09-03-2025,Online,bengaluru
3107,Men,Running,Pegasus Turbo,,9572.44,0.0,08-03-2025,Retail,Hyderabad
3108,Kids,Soccer,Phantom GT,-1.0,,0.0,16-12-2024,Online,Mumbai
3109,Men,Running,React Infinity,,6323.74,0.0,,Retail,Kolkata
3110,Men,Running,React Infinity,,8431.55,0.0,13-10-2024,Retail,Mumbai
3111,Women,Basketball,Air Jordan,3.0,,0.0,,Retail,Hyderabad
3112,Men,Basketball,Kyrie Flytrap,1.0,,0.0,,Retail,Delhi
3113,Women,Soccer,Tiempo Legend,,,0.0,,Online,bengaluru
3114,Women,Running,React Infinity,1.0,7627.37,0.0,27-03-2025,Retail,bengaluru
3115,Men,Running,React Infinity,4.0,,0.0,,Retail,Delhi
3116,Kids,Basketball,Zoom Freak,3.0,,0.0,21-11-2024,Retail,Kolkata
3117,Men,Basketball,Air Jordan,,6435.2,0.0,21-09-2024,Retail,Delhi
3118,Kids,Lifestyle,Air Force 1,,,0.0,,Online,Bangalore
3119,Kids,Lifestyle,Air Force 1,,,0.0,12-08-2023,Online,hyderbad
3120,Kids,Basketball,Kyrie Flytrap,,8869.93,0.0,,Retail,bengaluru
3121,Kids,Training,Flex Trainer,,2514.0,0.0,06-03-2025,Online,Kolkata
3122,Women,Basketball,Air Jordan,1.0,5835.6,-233.42,,Online,Kolkata
3123,Kids,Running,Free RN,,9804.78,0.0,26-05-2025,Online,Pune
3124,Kids,Soccer,Mercurial Superfly,,7538.96,0.0,31-03-2025,Online,Delhi
3125,Kids,Soccer,Phantom GT,2.0,,0.0,10-03-2025,Online,Bangalore
3126,Kids,Running,React Infinity,,,0.0,10-06-2024,Online,bengaluru
3127,Men,Training,ZoomX Invincible,1.0,4614.33,2445.59,07-10-2024,Online,Pune
3128,Men,Running,Air Zoom,,,0.0,,Retail,Kolkata
3129,Kids,Basketball,Kyrie Flytrap,,5732.66,0.0,30-01-2024,Retail,Delhi
3130,Men,Basketball,Air Jordan,,3015.02,0.0,16-05-2025,Online,Pune
3131,Kids,Training,SuperRep Go,,5171.44,0.0,27-05-2025,Online,Pune
3132,Kids,Lifestyle,Dunk Low,2.0,5073.69,0.0,12-07-2025,Online,Hyd
3133,Kids,Soccer,Mercurial Superfly,,,0.0,15-04-2024,Retail,Delhi
3134,Men,Basketball,Air Jordan,,,0.0,14-05-2025,Retail,Delhi
3135,Women,Soccer,Mercurial Superfly,3.0,4009.47,-2525.97,28-08-2024,Online,Pune
3136,Kids,Lifestyle,Blazer Mid,,,0.0,,Retail,Mumbai
3137,Kids,Soccer,Premier III,,7176.21,0.0,08-07-2025,Online,Bangalore
3138,Kids,Lifestyle,Blazer Mid,,3911.84,0.0,09-11-2024,Online,Hyderabad
3139,Kids,Lifestyle,Blazer Mid,,9682.46,0.0,,Online,Bangalore
3140,Women,Lifestyle,Blazer Mid,,,0.0,19-11-2023,Retail,Bangalore
3141,Women,Training,ZoomX Invincible,-1.0,,0.0,,Retail,Kolkata
3142,Kids,Soccer,Phantom GT,,,0.0,12-10-2024,Online,Delhi
3143,Men,Training,Flex Trainer,3.0,3938.59,236.32,23-08-2024,Online,Mumbai
3144,Women,Running,Free RN,,8613.08,0.0,11-09-2023,Retail,hyderbad
3145,Women,Basketball,Air Jordan,,3427.03,0.0,02-02-2025,Retail,Pune
3146,Women,Soccer,Premier III,1.0,,0.0,29-12-2024,Retail,Hyd
3147,Kids,Training,SuperRep Go,,2579.36,0.0,13-03-2025,Online,Mumbai
3148,Kids,Soccer,Tiempo Legend,3.0,,0.0,,Retail,Bangalore
3149,Kids,Soccer,Premier III,,,0.0,,Retail,Kolkata
3150,Women,Lifestyle,Dunk Low,0.0,,0.0,04-10-2024,Online,Kolkata
3151,Men,Lifestyle,Air Force 1,,,0.0,19-07-2025,Online,Kolkata
3152,Kids,Running,Free RN,,2415.31,0.0,,Retail,Delhi
3153,Women,Training,SuperRep Go,,3693.3,0.0,17-09-2024,Online,Bangalore
3154,Kids,Running,Free RN,2.0,,0.0,21-04-2025,Online,Delhi
3155,Women,Lifestyle,Waffle One,,,0.0,,Retail,bengaluru
3156,Women,Soccer,Phantom GT,,6700.68,0.0,11-01-2025,Retail,Mumbai
3157,Kids,Running,Pegasus Turbo,,2991.75,0.0,,Online,Bangalore
3158,Kids,Lifestyle,Air Force 1,2.0,,0.0,,Online,Pune
3159,Women,Running,Air Zoom,-1.0,,0.0,08-04-2025,Retail,Pune
3160,Women,Basketball,Air Jordan,,,0.0,25-07-2024,Retail,Delhi
3161,Men,Running,React Infinity,,8369.3,0.0,04-07-2025,Online,Hyderabad
3162,Men,Soccer,Tiempo Legend,2.0,,0.0,24-02-2024,Online,Pune
3163,Women,Running,Free RN,2.0,8204.14,0.0,22-06-2025,Retail,Delhi
3164,Men,Soccer,Premier III,4.0,,0.0,28-04-2025,Online,bengaluru
3165,Women,Soccer,Phantom GT,2.0,2530.29,3593.01,17-02-2025,Online,Kolkata
3166,Men,Soccer,Premier III,,,0.0,03-11-2024,Online,Hyd
3167,Women,Basketball,Zoom Freak,,3212.74,0.0,,Online,hyderbad
3168,Women,Lifestyle,Air Force 1,2.0,6125.15,0.0,28-02-2025,Retail,Delhi
3169,Men,Lifestyle,Blazer Mid,,,0.0,10-10-2024,Retail,Delhi
3170,Men,Training,Flex Trainer,,,0.0,15-05-2025,Online,Pune
3171,Men,Lifestyle,Air Force 1,,,0.0,16-11-2023,Online,Bangalore
3172,Men,Training,Metcon 7,-1.0,,0.0,14-11-2023,Retail,Pune
3173,Women,Soccer,Premier III,,,0.0,04-11-2024,Retail,Pune
3174,Men,Soccer,Phantom GT,,,0.0,,Online,hyderbad
3175,Women,Lifestyle,Dunk Low,-1.0,6583.76,-1909.29,09-12-2024,Retail,Mumbai
3176,Men,Lifestyle,Blazer Mid,,9352.62,0.0,20-01-2025,Retail,bengaluru
3177,Kids,Lifestyle,Air Force 1,3.0,7042.12,2323.9,,Online,Mumbai
3178,Women,Training,SuperRep Go,,,0.0,19-09-2024,Retail,Delhi
3179,Women,Training,SuperRep Go,3.0,,0.0,24-04-2025,Online,Mumbai
3180,Men,Basketball,Zoom Freak,,,0.0,05-03-2025,Online,Pune
3181,Women,Running,Air Zoom,1.0,,0.0,,Retail,Delhi
3182,Men,Soccer,Premier III,,,0.0,,Retail,Mumbai
3183,Kids,Soccer,Phantom GT,2.0,8074.82,0.0,,Retail,Mumbai
3184,Men,Training,ZoomX Invincible,,,0.0,15-10-2024,Online,Mumbai
3185,Kids,Training,SuperRep Go,,9715.85,0.0,12-03-2025,Online,Pune
3186,Men,Basketball,Zoom Freak,,3156.31,0.0,16-10-2024,Retail,Delhi
3187,Kids,Running,Air Zoom,0.0,8979.45,0.0,15-01-2025,Online,hyderbad
3188,Kids,Lifestyle,Air Force 1,,8024.17,0.0,09-02-2025,Retail,Pune
3189,Men,Basketball,LeBron 20,3.0,6730.48,13528.26,08-02-2025,Online,Kolkata
3190,Women,Soccer,Phantom GT,,,0.0,,Online,Kolkata
3191,Kids,Soccer,Mercurial Superfly,4.0,,0.0,04-02-2025,Retail,Pune
3192,Kids,Running,Free RN,1.0,,0.0,16-03-2025,Online,Pune
3193,Kids,Running,Pegasus Turbo,,8581.98,0.0,24-02-2025,Retail,Pune
3194,Kids,Training,SuperRep Go,-1.0,,0.0,21-10-2023,Online,Hyderabad
3195,Men,Lifestyle,Blazer Mid,1.0,3259.95,0.0,09-03-2025,Retail,Delhi
3196,Women,Training,ZoomX Invincible,1.0,,0.0,,Retail,Kolkata
3197,Men,Training,Metcon 7,-1.0,,0.0,,Online,Delhi
3198,Women,Running,Air Zoom,,,0.0,,Online,Delhi
3199,Women,Training,ZoomX Invincible,,,0.0,,Online,Kolkata
3200,Men,Soccer,Premier III,,6308.83,0.0,,Retail,Pune
3201,Women,Training,Flex Trainer,,9608.99,0.0,,Retail,Mumbai
3202,Kids,Running,Pegasus Turbo,,8926.14,0.0,,Online,Bangalore
3203,Women,Training,SuperRep Go,,,0.0,11-03-2025,Retail,Pune
3204,Men,Soccer,Phantom GT,,,0.0,09-12-2024,Online,Kolkata
2002,Women,Lifestyle,Dunk Low,,,0.0,11-12-2024,Online,Delhi
3206,Kids,Basketball,Kyrie Flytrap,-1.0,4694.72,-1971.78,25-03-2024,Retail,Bangalore
3207,Kids,Training,SuperRep Go,2.0,,0.0,,Retail,Pune
3208,Kids,Training,Metcon 7,0.0,,0.0,12-04-2025,Retail,Mumbai
3209,Women,Training,Flex Trainer,,,0.0,20-08-2024,Retail,bengaluru
3210,Women,Training,SuperRep Go,4.0,6344.63,0.0,,Online,Mumbai
3211,Women,Lifestyle,Blazer Mid,,8346.17,0.0,02-08-2024,Retail,Kolkata
3212,Kids,Soccer,Mercurial Superfly,4.0,7670.57,0.0,05-10-2024,Retail,Kolkata
3213,Men,Running,Air Zoom,,,0.0,28-12-2024,Online,Kolkata
3214,Kids,Lifestyle,Dunk Low,,,0.0,11-09-2024,Online,Kolkata
3215,Men,Soccer,Phantom GT,,,0.0,20-02-2024,Online,Kolkata
3216,Men,Basketball,Air Jordan,,,0.0,14-08-2023,Online,Mumbai
3217,Men,Soccer,Tiempo Legend,1.0,4819.75,3759.41,15-02-2025,Retail,Pune
3218,Men,Running,Air Zoom,,4854.18,0.0,29-09-2024,Retail,Kolkata
3219,Women,Basketball,Air Jordan,,2277.83,0.0,17-03-2025,Online,Delhi
3220,Women,Lifestyle,Dunk Low,,,0.0,16-02-2025,Online,Bangalore
3221,Women,Basketball,LeBron 20,2.0,9682.68,2323.84,21-09-2024,Online,Pune
3222,Kids,Basketball,Air Jordan,-1.0,5300.32,0.0,08-10-2024,Online,Bangalore
3223,Men,Soccer,Mercurial Superfly,,,0.0,,Online,Delhi
3224,Women,Soccer,Phantom GT,1.0,9872.38,8095.35,18-03-2025,Retail,Pune
3225,Kids,Basketball,Kyrie Flytrap,,7364.6,0.0,20-12-2023,Retail,Kolkata
3226,Men,Soccer,Mercurial Superfly,2.0,4585.77,0.0,12-02-2025,Retail,Pune
3227,Women,Training,ZoomX Invincible,1.0,,0.0,,Online,Delhi
3228,Kids,Basketball,LeBron 20,,6745.63,0.0,19-04-2025,Retail,bengaluru
3229,Kids,Running,Free RN,,,0.0,19-08-2024,Retail,Pune
3230,Men,Soccer,Phantom GT,,7398.98,0.0,,Retail,Delhi
3231,Men,Lifestyle,Dunk Low,,6406.53,0.0,17-12-2024,Online,Kolkata
3232,Kids,Lifestyle,Air Force 1,0.0,,0.0,11-11-2023,Online,Pune
3233,Men,Soccer,Phantom GT,1.0,4091.68,0.0,26-04-2025,Retail,Hyd
3234,Kids,Soccer,Phantom GT,,,0.0,14-05-2025,Online,Delhi
3235,Women,Training,SuperRep Go,0.0,,0.0,,Retail,Hyderabad
3236,Kids,Lifestyle,Blazer Mid,4.0,,0.0,21-07-2025,Retail,hyderbad
3237,Kids,Basketball,LeBron 20,3.0,5596.52,0.0,16-08-2024,Retail,Mumbai
3238,Women,Training,SuperRep Go,1.0,4420.21,3005.74,,Retail,Mumbai
3239,Men,Running,Pegasus Turbo,-1.0,,0.0,,Retail,Mumbai
3240,Kids,Basketball,Zoom Freak,-1.0,8776.59,0.0,27-05-2024,Retail,Hyd
3241,Women,Basketball,LeBron 20,,7477.49,0.0,02-12-2024,Retail,Bangalore
3242,Men,Basketball,LeBron 20,,9677.18,0.0,24-08-2024,Retail,bengaluru
3243,Men,Lifestyle,Air Force 1,3.0,,0.0,25-10-2024,Retail,Pune
3244,Women,Training,Metcon 7,0.0,,0.0,13-03-2025,Online,hyderbad
3245,Women,Running,React Infinity,3.0,,0.0,19-05-2024,Retail,Pune
3246,Men,Running,Air Zoom,,7787.74,0.0,14-05-2025,Online,Pune
3247,Men,Training,ZoomX Invincible,1.0,5888.37,0.0,,Online,Mumbai
3248,Women,Lifestyle,Blazer Mid,0.0,8234.91,0.0,24-11-2024,Online,Mumbai
3249,Kids,Lifestyle,Blazer Mid,1.0,4738.25,0.0,25-02-2025,Online,bengaluru
3250,Women,Lifestyle,Air Force 1,,,0.0,18-09-2024,Online,Pune
3251,Men,Soccer,Premier III,-1.0,6735.33,0.0,01-10-2024,Retail,Kolkata
3252,Men,Basketball,Zoom Freak,1.0,,0.0,26-03-2024,Online,Mumbai
3253,Kids,Running,Air Zoom,,,0.0,17-04-2025,Online,Bangalore
3254,Women,Soccer,Mercurial Superfly,,,0.0,04-11-2024,Retail,Mumbai
3255,Kids,Basketball,Air Jordan,-1.0,6975.67,0.0,02-03-2025,Online,Bangalore
3256,Men,Training,SuperRep Go,,4814.32,0.0,,Retail,hyderbad
3257,Women,Running,Free RN,-1.0,7056.01,0.0,19-01-2025,Retail,Kolkata
3258,Men,Lifestyle,Dunk Low,0.0,,0.0,,Online,Mumbai
3259,Women,Lifestyle,Air Force 1,0.0,7305.78,0.0,04-07-2025,Retail,Mumbai
3260,Men,Soccer,Mercurial Superfly,1.0,,0.0,28-06-2025,Online,Mumbai
3261,Men,Basketball,Air Jordan,,,0.0,26-11-2024,Online,Hyd
3262,Women,Basketball,LeBron 20,,,0.0,26-12-2024,Retail,Bangalore
3263,Women,Running,React Infinity,4.0,,0.0,23-02-2025,Online,Mumbai
3264,Men,Training,Metcon 7,2.0,,0.0,08-06-2025,Online,Bangalore
3265,Women,Soccer,Mercurial Superfly,4.0,,0.0,22-09-2024,Retail,Bangalore
2006,Kids,Training,Flex Trainer,3.0,,0.0,,Retail,Delhi
3267,Kids,Lifestyle,Air Force 1,,,0.0,15-02-2025,Retail,Pune
3268,Men,Soccer,Mercurial Superfly,,,0.0,11-07-2025,Retail,Mumbai
3269,Women,Soccer,Mercurial Superfly,,7268.31,0.0,03-12-2024,Online,Mumbai
3270,Kids,Lifestyle,Dunk Low,,,0.0,03-06-2025,Online,Pune
3271,Men,Basketball,LeBron 20,,,0.0,18-05-2025,Retail,Hyderabad
3272,Men,Lifestyle,Blazer Mid,,,0.0,,Retail,hyderbad
3273,Women,Soccer,Phantom GT,-1.0,5527.7,-4587.99,04-02-2024,Online,bengaluru
3274,Men,Training,SuperRep Go,3.0,6031.14,15379.41,03-05-2025,Retail,hyderbad
3275,Women,Soccer,Premier III,4.0,,0.0,27-05-2025,Retail,Hyd
2046,Men,Soccer,Tiempo Legend,-1.0,,0.0,17-09-2024,Online,Bangalore
3277,Men,Training,SuperRep Go,4.0,,0.0,05-09-2024,Online,bengaluru
3278,Kids,Lifestyle,Dunk Low,,,0.0,06-01-2025,Retail,Pune
3279,Kids,Soccer,Mercurial Superfly,4.0,2572.41,9260.68,09-11-2024,Retail,Delhi
3280,Kids,Training,SuperRep Go,-1.0,7709.7,0.0,12-10-2024,Online,Mumbai
3281,Men,Soccer,Mercurial Superfly,2.0,6075.6,0.0,,Retail,Pune
3282,Kids,Basketball,Air Jordan,4.0,,0.0,19-05-2024,Retail,Delhi
3283,Men,Soccer,Premier III,2.0,,0.0,18-10-2024,Online,Mumbai
3284,Women,Running,Free RN,4.0,5776.74,0.0,20-08-2024,Online,Kolkata
3285,Men,Training,Metcon 7,4.0,,0.0,05-10-2024,Online,Hyderabad
3286,Kids,Basketball,LeBron 20,0.0,4323.86,0.0,16-01-2025,Retail,hyderbad
3287,Kids,Running,Free RN,,,0.0,,Retail,Mumbai
3288,Kids,Lifestyle,Dunk Low,4.0,,0.0,25-07-2024,Retail,Delhi
3289,Men,Training,Metcon 7,-1.0,,0.0,13-09-2024,Online,Pune
3290,Kids,Lifestyle,Air Force 1,2.0,7377.71,0.0,,Online,Pune
3291,Women,Running,Free RN,,,0.0,,Retail,Hyderabad
3292,Women,Training,Metcon 7,,,0.0,23-05-2025,Online,Hyd
3293,Kids,Lifestyle,Blazer Mid,,,0.0,,Online,Kolkata
3294,Women,Basketball,LeBron 20,,,0.0,,Retail,Kolkata
3295,Women,Training,SuperRep Go,,2983.6,0.0,29-12-2024,Online,Delhi
2021,Kids,Running,React Infinity,4.0,,0.0,,Online,Hyderabad
3297,Men,Lifestyle,Air Force 1,,5875.99,0.0,07-02-2025,Online,Delhi
3298,Men,Training,ZoomX Invincible,4.0,9716.03,0.0,,Online,Mumbai
3299,Men,Basketball,Kyrie Flytrap,,,0.0,,Retail,bengaluru
3300,Women,Basketball,Air Jordan,2.0,,0.0,18-12-2024,Retail,Bangalore
3301,Women,Lifestyle,Waffle One,0.0,4492.46,0.0,,Retail,Hyderabad
3302,Women,Soccer,Tiempo Legend,,6226.74,0.0,12-05-2025,Retail,Pune
3303,Kids,Soccer,Tiempo Legend,2.0,6380.5,0.0,19-10-2024,Online,Kolkata
3304,Women,Running,React Infinity,,,0.0,15-11-2024,Online,Mumbai
3305,Kids,Running,Free RN,,4216.14,0.0,17-10-2024,Retail,Hyd
3306,Kids,Basketball,LeBron 20,,,0.0,30-07-2024,Retail,Mumbai
3307,Women,Soccer,Mercurial Superfly,,7127.99,0.0,12-08-2024,Online,Mumbai
3308,Men,Training,ZoomX Invincible,0.0,,0.0,08-04-2025,Online,Bangalore
3309,Men,Lifestyle,Air Force 1,,5594.08,0.0,12-09-2023,Retail,Hyd
3310,Women,Running,Free RN,4.0,,0.0,18-04-2025,Retail,Kolkata
3311,Kids,Soccer,Premier III,0.0,,0.0,02-05-2025,Online,Delhi
3312,Women,Basketball,Zoom Freak,1.0,8069.3,0.0,25-05-2025,Retail,Pune
3313,Kids,Basketball,Kyrie Flytrap,0.0,9460.52,0.0,,Retail,hyderbad
3314,Men,Training,ZoomX Invincible,2.0,7050.14,0.0,,Retail,Hyd
3315,Women,Training,Metcon 7,,,0.0,,Retail,Bangalore
3316,Women,Running,React Infinity,,,0.0,25-04-2024,Online,bengaluru
3317,Kids,Basketball,Air Jordan,3.0,,0.0,,Online,hyderbad
3318,Men,Training,Flex Trainer,,,0.0,11-04-2025,Online,Delhi
3319,Women,Running,Air Zoom,,6109.1,0.0,28-09-2024,Retail,Mumbai
3320,Kids,Basketball,Air Jordan,,8046.47,0.0,12-09-2024,Online,Kolkata
3321,Kids,Soccer,Tiempo Legend,4.0,4986.67,-1396.27,15-01-2025,Retail,Mumbai
3322,Men,Training,Metcon 7,,,0.0,28-08-2023,Online,Hyderabad
3323,Men,Running,Air Zoom,-1.0,8130.74,-7561.59,01-01-2024,Retail,Delhi
3324,Women,Lifestyle,Dunk Low,,,0.0,17-08-2024,Retail,Hyderabad
3325,Kids,Basketball,LeBron 20,,,0.0,06-11-2024,Online,Hyderabad
3326,Men,Training,SuperRep Go,,,0.0,30-05-2025,Online,Mumbai
3327,Men,Training,Flex Trainer,3.0,,0.0,10-03-2025,Online,bengaluru
3328,Women,Soccer,Phantom GT,-1.0,,0.0,20-09-2024,Online,Pune
3329,Kids,Training,ZoomX Invincible,,,0.0,28-04-2024,Retail,Kolkata
3330,Women,Training,Metcon 7,-1.0,,0.0,,Online,Kolkata
3331,Kids,Soccer,Phantom GT,-1.0,9040.55,0.0,,Retail,Mumbai
3332,Men,Training,SuperRep Go,,3106.54,0.0,,Retail,Pune
3333,Kids,Training,SuperRep Go,2.0,,0.0,,Retail,Kolkata
3334,Kids,Soccer,Tiempo Legend,3.0,2471.71,0.0,14-11-2023,Online,Mumbai
3335,Men,Soccer,Premier III,,3138.53,0.0,17-08-2024,Retail,Delhi
3336,Kids,Running,React Infinity,,4334.53,0.0,31-03-2025,Online,Hyd
3337,Men,Training,ZoomX Invincible,4.0,,0.0,10-10-2024,Online,Delhi
3338,Women,Training,ZoomX Invincible,,,0.0,09-06-2025,Online,Kolkata
3339,Men,Lifestyle,Air Force 1,,6656.01,0.0,15-05-2025,Retail,Delhi
3340,Kids,Soccer,Premier III,3.0,3248.74,0.0,29-12-2024,Retail,Mumbai
3341,Kids,Training,Metcon 7,3.0,8387.99,0.0,23-03-2024,Online,Bangalore
2037,Women,Lifestyle,Dunk Low,4.0,,0.0,11-04-2025,Online,Delhi
3343,Kids,Basketball,Air Jordan,3.0,9405.77,0.0,12-11-2024,Retail,hyderbad
3344,Kids,Soccer,Mercurial Superfly,,8217.37,0.0,24-06-2025,Retail,hyderbad
2048,Men,Lifestyle,Blazer Mid,,,0.0,,Online,Bangalore
3346,Kids,Training,SuperRep Go,4.0,,0.0,,Retail,Delhi
3347,Men,Training,ZoomX Invincible,,4389.44,0.0,,Online,Mumbai
3348,Women,Soccer,Mercurial Superfly,,2114.86,0.0,26-09-2024,Online,Hyd
3349,Men,Training,ZoomX Invincible,0.0,8180.92,0.0,,Retail,Hyderabad
3350,Women,Basketball,Zoom Freak,,,0.0,28-05-2025,Online,Bangalore
3351,Men,Training,SuperRep Go,,5319.24,0.0,,Online,Kolkata
3352,Women,Training,SuperRep Go,,6622.41,0.0,01-03-2025,Retail,Pune
2028,Men,Basketball,Kyrie Flytrap,4.0,2824.55,0.0,,Online,Delhi
3354,Men,Lifestyle,Dunk Low,,,0.0,01-11-2024,Retail,Kolkata
3355,Kids,Basketball,LeBron 20,0.0,7781.4,0.0,16-01-2025,Online,Pune
3356,Women,Soccer,Tiempo Legend,4.0,,0.0,13-03-2025,Online,Mumbai
3357,Kids,Training,Flex Trainer,4.0,6206.45,12412.9,05-04-2025,Online,Delhi
3358,Men,Basketball,Kyrie Flytrap,,,0.0,01-08-2024,Online,Hyd
3359,Kids,Basketball,LeBron 20,,9362.81,0.0,01-09-2024,Retail,Mumbai
3360,Women,Training,Metcon 7,4.0,,0.0,31-07-2024,Online,Bangalore
3361,Women,Basketball,LeBron 20,0.0,,0.0,,Retail,bengaluru
3362,Men,Lifestyle,Air Force 1,,,0.0,10-03-2024,Retail,Delhi
3363,Women,Basketball,Kyrie Flytrap,3.0,,0.0,18-02-2025,Online,bengaluru
3364,Kids,Soccer,Premier III,,,0.0,11-09-2024,Online,Pune
3365,Kids,Running,Air Zoom,,,0.0,,Retail,Pune
3366,Men,Basketball,LeBron 20,,,0.0,15-12-2024,Retail,Pune
2029,Kids,Training,Metcon 7,,6548.87,0.0,20-11-2024,Online,Kolkata
3368,Women,Training,Flex Trainer,,,0.0,14-04-2025,Retail,Delhi
3369,Men,Running,React Infinity,,5103.34,0.0,27-09-2024,Online,Kolkata
3370,Women,Basketball,Air Jordan,,3328.45,0.0,05-07-2025,Retail,bengaluru
3371,Men,Training,Flex Trainer,1.0,2636.01,0.0,26-04-2025,Retail,Delhi
3372,Kids,Basketball,Kyrie Flytrap,,,0.0,24-02-2025,Online,Delhi
3373,Kids,Training,SuperRep Go,,,0.0,,Retail,Pune
3374,Men,Training,Flex Trainer,4.0,4500.96,0.0,16-12-2024,Online,Pune
3375,Kids,Running,Free RN,0.0,2134.23,0.0,22-11-2024,Online,Bangalore
3376,Kids,Soccer,Phantom GT,,,0.0,,Retail,Kolkata
3377,Men,Basketball,Kyrie Flytrap,0.0,,0.0,,Online,hyderbad
3378,Kids,Soccer,Phantom GT,1.0,3642.74,0.0,,Online,Kolkata
3379,Men,Basketball,Air Jordan,2.0,5000.49,1400.14,23-10-2024,Retail,Pune
3380,Women,Basketball,Kyrie Flytrap,2.0,2557.29,0.0,,Online,Mumbai
3381,Men,Training,ZoomX Invincible,1.0,,0.0,23-02-2024,Retail,Mumbai
3382,Men,Basketball,LeBron 20,2.0,9187.23,0.0,10-01-2025,Retail,Hyd
3383,Women,Lifestyle,Air Force 1,,,0.0,12-08-2024,Retail,Bangalore
3384,Women,Basketball,Air Jordan,,,0.0,22-07-2025,Retail,bengaluru
3385,Men,Training,ZoomX Invincible,,9019.91,0.0,21-03-2025,Online,Hyd
3386,Women,Soccer,Phantom GT,,9212.82,0.0,16-10-2024,Retail,Hyd
3387,Men,Soccer,Phantom GT,4.0,,0.0,21-06-2025,Retail,bengaluru
3388,Women,Running,Free RN,,4042.33,0.0,03-05-2025,Online,Pune
3389,Women,Running,Air Zoom,3.0,9764.91,0.0,04-04-2025,Online,Mumbai
2044,Kids,Soccer,Premier III,3.0,2068.95,1179.3,,Retail,Delhi
3391,Women,Soccer,Mercurial Superfly,2.0,,0.0,14-11-2023,Retail,hyderbad
3392,Kids,Lifestyle,Dunk Low,-1.0,,0.0,,Online,Pune
3393,Kids,Basketball,Air Jordan,,,0.0,08-06-2025,Online,Bangalore
3394,Kids,Lifestyle,Dunk Low,1.0,,0.0,03-11-2024,Online,hyderbad
3395,Women,Running,Free RN,3.0,,0.0,15-01-2025,Online,Mumbai
3396,Kids,Running,Free RN,,6325.01,0.0,,Retail,Bangalore
3397,Women,Lifestyle,Dunk Low,,9972.81,0.0,,Online,Mumbai
3398,Men,Basketball,LeBron 20,2.0,2082.49,0.0,27-08-2023,Retail,Kolkata
3399,Women,Basketball,LeBron 20,,4507.45,0.0,11-02-2025,Online,Hyd
3400,Kids,Lifestyle,Waffle One,,,0.0,11-10-2024,Retail,hyderbad
3401,Kids,Basketball,Zoom Freak,,,0.0,,Retail,Kolkata
3402,Women,Running,Pegasus Turbo,,9706.84,0.0,,Online,Pune
3403,Kids,Training,Flex Trainer,,,0.0,30-10-2024,Retail,Pune
3404,Kids,Basketball,Zoom Freak,,,0.0,05-04-2025,Online,Pune
3405,Women,Lifestyle,Dunk Low,0.0,9986.17,0.0,04-01-2025,Online,Kolkata
3406,Women,Basketball,Zoom Freak,,,0.0,19-08-2024,Online,Bangalore
3407,Women,Lifestyle,Air Force 1,0.0,5704.39,0.0,18-01-2025,Retail,Delhi
3408,Men,Basketball,Air Jordan,,,0.0,28-02-2025,Retail,Delhi
3409,Kids,Running,Air Zoom,1.0,6312.01,4418.41,08-09-2024,Retail,Delhi
3410,Kids,Running,Free RN,0.0,,0.0,01-01-2025,Retail,hyderbad
3411,Kids,Soccer,Mercurial Superfly,0.0,,0.0,,Retail,Pune
3412,Men,Training,Flex Trainer,,6983.68,0.0,,Online,hyderbad
3413,Kids,Soccer,Phantom GT,2.0,,0.0,31-07-2023,Online,hyderbad
3414,Men,Lifestyle,Dunk Low,4.0,9996.22,0.0,21-01-2025,Online,Mumbai
3415,Kids,Basketball,Air Jordan,-1.0,6165.08,0.0,06-03-2024,Online,Hyderabad
3416,Men,Soccer,Phantom GT,,8954.59,0.0,04-06-2025,Retail,Hyd
3417,Men,Basketball,LeBron 20,,5700.61,0.0,30-03-2025,Online,Kolkata
3418,Men,Soccer,Tiempo Legend,1.0,,0.0,,Retail,Bangalore
3419,Kids,Training,SuperRep Go,4.0,,0.0,,Online,Mumbai
3420,Women,Soccer,Premier III,1.0,3395.24,0.0,,Online,Delhi
3421,Women,Basketball,Zoom Freak,,,0.0,07-12-2024,Online,hyderbad
3422,Kids,Training,Metcon 7,,3197.01,0.0,18-01-2024,Retail,Hyderabad
3423,Kids,Basketball,Kyrie Flytrap,2.0,,0.0,06-08-2024,Retail,Mumbai
3424,Women,Training,SuperRep Go,,7007.84,0.0,11-02-2025,Online,Mumbai
3425,Women,Lifestyle,Dunk Low,-1.0,2276.09,0.0,25-07-2024,Online,Kolkata
3426,Men,Running,Free RN,,8124.38,0.0,,Online,Delhi
3427,Men,Running,Pegasus Turbo,1.0,,0.0,,Retail,Mumbai
3428,Women,Basketball,Air Jordan,1.0,2825.86,2175.91,03-12-2024,Online,Bangalore
3429,Men,Soccer,Premier III,0.0,,0.0,06-07-2025,Retail,Delhi
3430,Men,Training,Flex Trainer,,7036.03,0.0,,Online,bengaluru
3431,Women,Training,Metcon 7,-1.0,,0.0,01-10-2024,Retail,Delhi
3432,Kids,Basketball,Kyrie Flytrap,,,0.0,03-06-2025,Online,Kolkata
2028,Kids,Lifestyle,Waffle One,0.0,,0.0,02-01-2025,Online,Delhi
3434,Kids,Basketball,Air Jordan,,8741.65,0.0,21-10-2024,Online,Delhi
3435,Men,Training,SuperRep Go,4.0,,0.0,,Online,Delhi
3436,Kids,Soccer,Mercurial Superfly,,,0.0,11-06-2025,Retail,Bangalore
3437,Kids,Soccer,Tiempo Legend,,,0.0,10-05-2024,Retail,Mumbai
3438,Women,Soccer,Phantom GT,3.0,,0.0,05-09-2024,Retail,hyderbad
2043,Kids,Running,React Infinity,,5395.6,0.0,07-03-2025,Online,Delhi
3440,Kids,Lifestyle,Waffle One,3.0,,0.0,,Online,Mumbai
3441,Kids,Running,Free RN,2.0,9313.98,0.0,08-05-2025,Retail,Delhi
3442,Kids,Basketball,Zoom Freak,4.0,,0.0,21-01-2025,Online,Mumbai
3443,Kids,Basketball,Zoom Freak,,2989.01,0.0,,Retail,Mumbai
3444,Men,Basketball,LeBron 20,,,0.0,04-07-2025,Online,Kolkata
3445,Men,Lifestyle,Blazer Mid,-1.0,4693.81,0.0,,Retail,Bangalore
3446,Men,Lifestyle,Dunk Low,,,0.0,07-09-2024,Retail,Bangalore
3447,Women,Basketball,LeBron 20,,,0.0,14-05-2025,Retail,Hyderabad
2038,Kids,Lifestyle,Air Force 1,,7609.9,0.0,,Online,Delhi
3449,Men,Training,ZoomX Invincible,0.0,,0.0,21-02-2025,Retail,Delhi
3450,Men,Running,React Infinity,3.0,,0.0,16-01-2024,Retail,bengaluru
3451,Men,Training,SuperRep Go,,,0.0,05-07-2025,Retail,Mumbai
3452,Men,Training,SuperRep Go,,,0.0,05-08-2024,Online,Delhi
3453,Kids,Soccer,Phantom GT,0.0,2033.28,0.0,05-12-2024,Retail,Delhi
3454,Kids,Basketball,Zoom Freak,2.0,,0.0,,Online,Delhi
3455,Women,Soccer,Premier III,,5947.51,0.0,17-01-2025,Retail,hyderbad
3456,Women,Basketball,Air Jordan,-1.0,3011.32,0.0,,Online,Delhi
3457,Women,Training,Flex Trainer,,,0.0,24-02-2025,Online,Pune
3458,Women,Running,Pegasus Turbo,,,0.0,22-01-2025,Online,Mumbai
3459,Men,Lifestyle,Blazer Mid,,6100.23,0.0,27-03-2025,Retail,Hyderabad
3460,Women,Running,React Infinity,0.0,5403.67,0.0,,Online,Pune
2004,Kids,Running,Free RN,1.0,,0.0,,Online,Hyd
3462,Women,Basketball,Kyrie Flytrap,3.0,2610.98,0.0,21-12-2024,Retail,Bangalore
3463,Women,Soccer,Phantom GT,1.0,,0.0,24-02-2025,Retail,Pune
3464,Kids,Training,Flex Trainer,0.0,3362.64,0.0,,Online,bengaluru
3465,Men,Lifestyle,Dunk Low,2.0,,0.0,29-11-2023,Online,Delhi
3466,Men,Basketball,Kyrie Flytrap,2.0,6498.22,6498.22,24-10-2024,Retail,Mumbai
3467,Men,Lifestyle,Air Force 1,2.0,,0.0,13-03-2025,Online,bengaluru
3468,Men,Soccer,Phantom GT,4.0,9577.99,2681.84,,Online,Kolkata
3469,Kids,Running,Air Zoom,1.0,4590.24,0.0,01-10-2024,Online,Mumbai
3470,Kids,Soccer,Tiempo Legend,,,0.0,11-02-2025,Online,Kolkata
3471,Kids,Lifestyle,Waffle One,0.0,5637.46,0.0,04-02-2025,Retail,Kolkata
3472,Men,Basketball,Air Jordan,,,0.0,31-08-2024,Online,hyderbad
3473,Kids,Soccer,Premier III,4.0,3551.05,0.0,05-12-2024,Online,Delhi
3474,Women,Basketball,LeBron 20,2.0,6506.07,0.0,,Retail,hyderbad
3475,Kids,Soccer,Tiempo Legend,1.0,2120.44,0.0,29-07-2024,Online,Mumbai
3476,Men,Training,Flex Trainer,,3891.22,0.0,25-06-2025,Retail,Mumbai
3477,Men,Basketball,Air Jordan,2.0,4135.26,0.0,25-04-2025,Online,Delhi
3478,Kids,Training,Flex Trainer,,,0.0,17-05-2025,Retail,Mumbai
3479,Women,Training,ZoomX Invincible,4.0,,0.0,16-09-2024,Retail,Mumbai
3480,Kids,Running,Free RN,4.0,2917.45,0.0,,Online,Bangalore
3481,Women,Lifestyle,Air Force 1,4.0,,0.0,15-10-2023,Online,bengaluru
3482,Men,Soccer,Mercurial Superfly,,,0.0,19-08-2024,Online,Hyderabad
3483,Men,Lifestyle,Air Force 1,4.0,4733.92,0.0,04-12-2024,Online,Kolkata
3484,Kids,Lifestyle,Dunk Low,,2638.44,0.0,18-08-2024,Online,bengaluru
3485,Women,Lifestyle,Dunk Low,2.0,,0.0,14-12-2024,Retail,Hyderabad
3486,Kids,Training,SuperRep Go,4.0,,0.0,14-10-2024,Retail,Delhi
3487,Men,Lifestyle,Dunk Low,,3240.99,0.0,28-05-2025,Online,Hyd
3488,Women,Soccer,Tiempo Legend,4.0,,0.0,12-03-2025,Online,Kolkata
3489,Kids,Running,React Infinity,2.0,,0.0,04-04-2025,Online,Mumbai
3490,Men,Running,Free RN,0.0,,0.0,08-07-2025,Online,Delhi
3491,Men,Soccer,Premier III,,,0.0,19-10-2024,Online,Mumbai
2018,Women,Soccer,Phantom GT,,,0.0,13-11-2024,Online,bengaluru
3493,Men,Lifestyle,Dunk Low,,9446.34,0.0,,Online,Bangalore
3494,Kids,Running,Pegasus Turbo,,,0.0,17-09-2024,Retail,Pune
3495,Women,Basketball,LeBron 20,-1.0,,0.0,13-08-2024,Retail,Pune
3496,Men,Running,Air Zoom,3.0,,0.0,08-10-2024,Retail,Delhi
3497,Women,Basketball,Zoom Freak,2.0,8688.92,0.0,08-12-2024,Online,Mumbai
3498,Women,Training,SuperRep Go,0.0,8797.69,0.0,10-09-2024,Retail,Pune
3499,Women,Training,ZoomX Invincible,,5864.29,0.0,30-03-2025,Retail,Kolkata
3500,Kids,Lifestyle,Blazer Mid,,5471.81,0.0,25-03-2025,Retail,Kolkata
3501,Men,Lifestyle,Blazer Mid,-1.0,,0.0,09-11-2024,Retail,Mumbai
3502,Men,Lifestyle,Blazer Mid,,6418.29,0.0,09-11-2023,Online,Delhi
3503,Men,Training,SuperRep Go,,6992.17,0.0,16-11-2024,Online,Mumbai
3504,Women,Training,SuperRep Go,,9075.41,0.0,18-08-2024,Retail,Delhi
2020,Kids,Lifestyle,Blazer Mid,,7126.64,0.0,10-05-2025,Retail,Delhi
3506,Men,Training,Metcon 7,0.0,9701.91,0.0,,Online,Pune
3507,Kids,Running,Free RN,,,0.0,,Retail,Mumbai
3508,Kids,Training,ZoomX Invincible,,,0.0,12-10-2024,Retail,Bangalore
3509,Kids,Lifestyle,Blazer Mid,,2066.04,0.0,22-07-2025,Online,Mumbai
3510,Men,Soccer,Tiempo Legend,,,0.0,17-04-2025,Retail,Hyderabad
3511,Kids,Lifestyle,Blazer Mid,,3248.17,0.0,15-02-2025,Retail,Hyderabad
3512,Kids,Basketball,Zoom Freak,4.0,,0.0,05-06-2025,Retail,Pune
3513,Women,Training,SuperRep Go,0.0,6145.98,0.0,16-04-2025,Retail,hyderbad
3514,Kids,Running,React Infinity,,6546.46,0.0,10-08-2024,Retail,Hyderabad
3515,Men,Training,Flex Trainer,,2604.11,0.0,,Online,Kolkata
3516,Men,Training,ZoomX Invincible,,7495.24,0.0,,Online,Pune
3517,Women,Running,Air Zoom,,9962.36,0.0,,Retail,Hyd
3518,Women,Basketball,Air Jordan,,,0.0,14-08-2024,Retail,Delhi
3519,Kids,Soccer,Premier III,,,0.0,25-05-2025,Retail,Kolkata
3520,Women,Lifestyle,Waffle One,2.0,2080.85,-998.81,22-03-2024,Retail,Delhi
3521,Women,Training,ZoomX Invincible,,8565.24,0.0,,Online,Kolkata
2002,Women,Basketball,Zoom Freak,,9041.15,0.0,,Retail,Kolkata
3523,Kids,Training,SuperRep Go,,7061.5,0.0,09-06-2024,Retail,Kolkata
3524,Kids,Training,SuperRep Go,,,0.0,12-11-2024,Online,Mumbai
3525,Kids,Running,React Infinity,,7170.91,0.0,29-01-2025,Retail,Mumbai
2030,Men,Basketball,Air Jordan,,,0.0,18-12-2024,Online,hyderbad
3527,Men,Soccer,Phantom GT,3.0,,0.0,12-06-2025,Online,Mumbai
3528,Kids,Running,React Infinity,,3742.67,0.0,21-08-2024,Retail,hyderbad
3529,Men,Training,SuperRep Go,1.0,,0.0,28-03-2025,Retail,Delhi
3530,Women,Soccer,Mercurial Superfly,0.0,3034.73,0.0,25-09-2023,Retail,Kolkata
3531,Women,Basketball,LeBron 20,,9015.65,0.0,,Online,Delhi
3532,Kids,Running,React Infinity,,9244.96,0.0,07-05-2024,Online,Mumbai
3533,Kids,Running,Air Zoom,,,0.0,05-11-2023,Retail,Hyd
3534,Kids,Basketball,Zoom Freak,3.0,3280.57,3739.85,09-11-2024,Retail,Kolkata
3535,Kids,Basketball,LeBron 20,,6302.89,0.0,24-12-2024,Retail,Pune
3536,Women,Lifestyle,Dunk Low,,3929.3,0.0,01-12-2024,Retail,bengaluru
3537,Men,Lifestyle,Blazer Mid,2.0,5464.07,-109.28,15-06-2025,Online,Kolkata
3538,Kids,Basketball,Kyrie Flytrap,0.0,,0.0,12-12-2024,Online,bengaluru
3539,Kids,Lifestyle,Air Force 1,3.0,7706.3,-3467.83,,Retail,Hyderabad
3540,Kids,Training,Flex Trainer,-1.0,9564.4,0.0,16-05-2025,Retail,Delhi
3541,Kids,Training,SuperRep Go,-1.0,3644.5,0.0,04-09-2024,Online,Mumbai
3542,Men,Lifestyle,Air Force 1,,7199.03,0.0,28-11-2024,Retail,Mumbai
3543,Kids,Lifestyle,Dunk Low,2.0,,0.0,22-11-2024,Retail,Pune
3544,Men,Running,Air Zoom,,3923.39,0.0,,Retail,Kolkata
3545,Men,Training,Flex Trainer,3.0,,0.0,03-08-2023,Online,Delhi
3546,Men,Lifestyle,Waffle One,,,0.0,,Retail,Delhi
3547,Kids,Soccer,Tiempo Legend,4.0,,0.0,,Online,Delhi
3548,Kids,Soccer,Phantom GT,3.0,,0.0,12-03-2024,Online,Kolkata
3549,Kids,Training,SuperRep Go,0.0,4493.02,0.0,,Online,Mumbai
3550,Women,Lifestyle,Air Force 1,,8645.09,0.0,,Online,bengaluru
3551,Women,Training,SuperRep Go,,9948.15,0.0,02-08-2023,Retail,Kolkata
3552,Men,Running,React Infinity,4.0,,0.0,17-05-2025,Retail,Mumbai
3553,Women,Running,Air Zoom,2.0,5216.27,0.0,25-06-2025,Online,Pune
3554,Men,Soccer,Premier III,,,0.0,,Retail,Bangalore
3555,Kids,Soccer,Phantom GT,2.0,,0.0,26-04-2025,Retail,hyderbad
3556,Women,Basketball,Kyrie Flytrap,4.0,,0.0,13-03-2025,Retail,Kolkata
3557,Kids,Basketball,Air Jordan,1.0,,0.0,09-08-2024,Retail,Hyderabad
3558,Women,Training,Flex Trainer,4.0,4045.21,0.0,30-08-2024,Online,Mumbai
3559,Women,Running,Pegasus Turbo,,,0.0,,Online,Delhi
3560,Women,Soccer,Phantom GT,,,0.0,26-07-2023,Retail,hyderbad
3561,Women,Basketball,Zoom Freak,,,0.0,24-07-2024,Online,Kolkata
3562,Women,Basketball,LeBron 20,1.0,,0.0,31-10-2024,Retail,Delhi
3563,Kids,Running,Pegasus Turbo,,2470.43,0.0,,Online,Kolkata
3564,Kids,Soccer,Premier III,,,0.0,,Retail,Kolkata
3565,Kids,Basketball,Kyrie Flytrap,,,0.0,27-08-2024,Online,Kolkata
3566,Men,Lifestyle,Waffle One,,,0.0,12-12-2024,Retail,Hyd
3567,Men,Lifestyle,Air Force 1,2.0,,0.0,,Online,Kolkata
3568,Women,Running,Pegasus Turbo,0.0,6099.8,0.0,,Retail,Pune
3569,Women,Soccer,Phantom GT,,9203.0,0.0,12-08-2024,Online,Kolkata
3570,Men,Soccer,Tiempo Legend,,9713.73,0.0,23-02-2025,Online,Delhi
3571,Kids,Basketball,LeBron 20,,7596.71,0.0,,Online,Delhi
3572,Kids,Basketball,LeBron 20,,,0.0,,Retail,Delhi
3573,Men,Basketball,Air Jordan,1.0,6830.98,4166.9,18-03-2025,Retail,Mumbai
3574,Kids,Basketball,Air Jordan,0.0,,0.0,13-01-2025,Online,Bangalore
3575,Women,Running,React Infinity,0.0,5716.18,0.0,03-07-2025,Retail,Pune
3576,Women,Lifestyle,Waffle One,2.0,3533.18,0.0,17-03-2024,Retail,bengaluru
3577,Women,Running,Pegasus Turbo,0.0,,0.0,19-10-2024,Online,Kolkata
3578,Men,Lifestyle,Blazer Mid,4.0,6348.19,0.0,,Retail,hyderbad
3579,Men,Basketball,LeBron 20,0.0,9995.55,0.0,03-02-2025,Retail,Delhi
3580,Men,Basketball,LeBron 20,,2992.37,0.0,,Retail,Kolkata
3581,Women,Soccer,Phantom GT,4.0,,0.0,23-12-2024,Retail,Kolkata
3582,Kids,Soccer,Mercurial Superfly,,2117.04,0.0,01-09-2024,Online,Pune
3583,Men,Basketball,Kyrie Flytrap,,3153.32,0.0,,Online,bengaluru
3584,Men,Basketball,Air Jordan,,3500.16,0.0,19-03-2025,Online,Kolkata
3585,Men,Running,Air Zoom,,,0.0,03-05-2025,Retail,Kolkata
3586,Women,Lifestyle,Waffle One,,,0.0,14-12-2024,Online,Delhi
3587,Men,Training,SuperRep Go,,,0.0,01-07-2025,Online,bengaluru
3588,Men,Lifestyle,Waffle One,,7808.46,0.0,29-08-2024,Online,Pune
3589,Kids,Training,Flex Trainer,,,0.0,12-09-2024,Retail,Mumbai
2025,Men,Lifestyle,Waffle One,,5245.87,0.0,01-08-2024,Retail,hyderbad
3591,Kids,Running,Pegasus Turbo,,3718.65,0.0,08-11-2024,Retail,Delhi
3592,Women,Running,Free RN,,8609.05,0.0,15-06-2025,Retail,Kolkata
3593,Women,Basketball,Air Jordan,,6452.43,0.0,,Online,Pune
3594,Kids,Training,Flex Trainer,-1.0,9694.85,-193.9,24-02-2025,Online,hyderbad
3595,Kids,Running,Air Zoom,,6890.68,0.0,05-09-2023,Online,Pune
3596,Men,Training,Metcon 7,2.0,,0.0,10-06-2025,Online,Pune
3597,Kids,Basketball,Zoom Freak,,,0.0,07-04-2025,Online,Hyd
3598,Men,Soccer,Tiempo Legend,1.0,,0.0,,Online,Delhi
3599,Kids,Training,Flex Trainer,,,0.0,,Online,Pune
3600,Women,Soccer,Phantom GT,4.0,,0.0,,Online,Hyd
3601,Women,Running,Free RN,2.0,4318.12,0.0,,Retail,Pune
3602,Men,Soccer,Tiempo Legend,-1.0,,0.0,28-07-2024,Online,Pune
2019,Men,Running,Air Zoom,,,0.0,,Retail,Bangalore
3604,Kids,Training,Flex Trainer,,,0.0,,Retail,Mumbai
3605,Men,Soccer,Phantom GT,2.0,8837.76,0.0,09-01-2025,Online,Hyderabad
3606,Women,Basketball,LeBron 20,3.0,3515.86,0.0,14-02-2025,Retail,Pune
3607,Kids,Training,SuperRep Go,,3020.51,0.0,,Retail,Kolkata
3608,Men,Soccer,Premier III,,,0.0,14-06-2025,Retail,Delhi
3609,Men,Training,SuperRep Go,,,0.0,03-11-2024,Online,Delhi
3610,Kids,Lifestyle,Dunk Low,2.0,,0.0,14-03-2025,Online,Kolkata
3611,Women,Lifestyle,Waffle One,-1.0,5798.69,0.0,10-04-2025,Online,Delhi
3612,Women,Running,Air Zoom,1.0,4632.0,0.0,22-06-2025,Online,Mumbai
3613,Men,Lifestyle,Blazer Mid,4.0,,0.0,16-08-2024,Online,hyderbad
3614,Men,Training,ZoomX Invincible,,6186.3,0.0,17-09-2024,Online,Pune
3615,Women,Lifestyle,Blazer Mid,3.0,,0.0,,Retail,Delhi
3616,Kids,Lifestyle,Blazer Mid,1.0,9799.16,0.0,01-07-2025,Retail,Kolkata
3617,Men,Soccer,Premier III,2.0,4694.37,0.0,20-11-2024,Online,Mumbai
3618,Men,Soccer,Mercurial Superfly,3.0,2209.45,0.0,15-06-2025,Retail,Kolkata
3619,Kids,Lifestyle,Air Force 1,0.0,8915.88,0.0,07-02-2025,Online,Kolkata
3620,Men,Running,React Infinity,0.0,8561.18,0.0,02-11-2024,Retail,Bangalore
3621,Women,Basketball,LeBron 20,,9699.01,0.0,20-04-2025,Retail,Mumbai
3622,Women,Soccer,Premier III,3.0,2187.91,0.0,22-09-2024,Online,hyderbad
3623,Men,Lifestyle,Waffle One,,,0.0,24-06-2025,Retail,Mumbai
3624,Women,Soccer,Premier III,-1.0,8534.07,0.0,17-11-2024,Retail,Mumbai
3625,Kids,Soccer,Tiempo Legend,,,0.0,02-03-2025,Retail,Kolkata
3626,Men,Running,React Infinity,,,0.0,24-09-2024,Retail,Pune
3627,Kids,Training,SuperRep Go,,,0.0,21-12-2024,Online,Mumbai
3628,Kids,Running,Free RN,,8584.41,0.0,,Online,hyderbad
3629,Kids,Soccer,Mercurial Superfly,,,0.0,,Online,hyderbad
3630,Men,Training,Flex Trainer,-1.0,2467.49,0.0,,Online,Pune
3631,Men,Training,Metcon 7,,2855.37,0.0,,Retail,bengaluru
3632,Kids,Basketball,LeBron 20,1.0,,0.0,10-12-2024,Retail,Bangalore
3633,Kids,Training,Flex Trainer,2.0,3019.98,0.0,,Online,bengaluru
3634,Men,Lifestyle,Waffle One,,,0.0,08-07-2025,Online,Kolkata
3635,Men,Training,SuperRep Go,2.0,,0.0,22-03-2025,Retail,Bangalore
3636,Women,Soccer,Tiempo Legend,2.0,7881.53,0.0,19-12-2023,Retail,Delhi
3637,Women,Running,Pegasus Turbo,2.0,6577.39,0.0,29-05-2025,Retail,Delhi
3638,Kids,Basketball,Air Jordan,,3701.59,0.0,20-05-2025,Online,Kolkata
3639,Men,Soccer,Mercurial Superfly,,,0.0,05-01-2025,Online,Pune
3640,Men,Training,Metcon 7,0.0,5219.18,0.0,28-04-2025,Online,Delhi
3641,Kids,Training,SuperRep Go,0.0,6037.65,0.0,,Retail,Delhi
3642,Men,Training,Metcon 7,-1.0,,0.0,,Online,Mumbai
3643,Kids,Training,Metcon 7,,9262.45,0.0,,Online,Kolkata
3644,Kids,Running,React Infinity,,5702.53,0.0,31-10-2023,Online,Delhi
3645,Men,Soccer,Tiempo Legend,,6830.85,0.0,,Online,Kolkata
3646,Men,Training,Flex Trainer,3.0,,0.0,21-04-2025,Online,Bangalore
3647,Women,Basketball,LeBron 20,0.0,3263.64,0.0,06-10-2024,Retail,Kolkata
3648,Men,Soccer,Tiempo Legend,,,0.0,08-01-2025,Online,bengaluru
3649,Kids,Lifestyle,Blazer Mid,0.0,6486.51,0.0,19-10-2024,Online,Kolkata
3650,Women,Soccer,Premier III,,,0.0,07-01-2024,Retail,Delhi
3651,Men,Training,SuperRep Go,,8891.63,0.0,17-12-2024,Retail,Delhi
3652,Kids,Basketball,Air Jordan,0.0,3176.7,0.0,21-11-2023,Online,hyderbad
3653,Men,Running,Air Zoom,,,0.0,03-12-2024,Retail,Hyd
3654,Women,Training,Metcon 7,3.0,,0.0,10-09-2024,Retail,Pune
3655,Women,Lifestyle,Air Force 1,,,0.0,08-05-2025,Retail,Pune
3656,Men,Lifestyle,Waffle One,4.0,,0.0,11-06-2025,Retail,Pune
3657,Men,Soccer,Mercurial Superfly,-1.0,,0.0,05-08-2024,Online,Kolkata
3658,Women,Training,Flex Trainer,,3516.53,0.0,,Retail,Delhi
3659,Kids,Running,Air Zoom,,,0.0,,Online,Kolkata
2033,Women,Running,React Infinity,,,0.0,23-07-2024,Retail,Delhi
3661,Kids,Training,ZoomX Invincible,0.0,9979.38,0.0,05-12-2024,Online,Delhi
3662,Kids,Lifestyle,Waffle One,4.0,9032.9,13007.38,,Online,bengaluru
3663,Women,Training,SuperRep Go,,5604.03,0.0,09-04-2025,Retail,Delhi
3664,Women,Training,Flex Trainer,,,0.0,20-04-2025,Retail,Mumbai
3665,Women,Lifestyle,Blazer Mid,,2958.1,0.0,06-07-2024,Retail,Hyderabad
3666,Women,Running,Air Zoom,2.0,,0.0,07-04-2025,Retail,Delhi
3667,Kids,Running,Air Zoom,4.0,9386.2,37169.35,,Online,Pune
3668,Kids,Soccer,Premier III,1.0,,0.0,27-10-2024,Retail,Mumbai
3669,Women,Lifestyle,Blazer Mid,,2287.32,0.0,27-08-2023,Online,Kolkata
3670,Men,Lifestyle,Waffle One,1.0,,0.0,,Online,Pune
3671,Women,Running,Pegasus Turbo,2.0,,0.0,,Retail,bengaluru
3672,Women,Soccer,Tiempo Legend,3.0,7127.18,14539.45,16-08-2024,Online,Delhi
3673,Kids,Lifestyle,Dunk Low,,,0.0,,Retail,Mumbai
3674,Men,Lifestyle,Waffle One,,,0.0,18-04-2025,Online,Pune
3675,Men,Running,Pegasus Turbo,2.0,,0.0,13-11-2024,Online,Delhi
3676,Men,Soccer,Tiempo Legend,,,0.0,,Online,Delhi
3677,Women,Soccer,Mercurial Superfly,,,0.0,,Online,Pune
3678,Women,Lifestyle,Waffle One,3.0,,0.0,14-08-2024,Online,Kolkata
3679,Women,Basketball,Kyrie Flytrap,0.0,,0.0,,Retail,Bangalore
3680,Men,Training,Flex Trainer,3.0,8835.41,2120.5,27-01-2025,Retail,Delhi
3681,Men,Soccer,Phantom GT,,,0.0,09-04-2025,Online,Hyd
3682,Women,Basketball,Zoom Freak,,6158.05,0.0,09-10-2024,Retail,Mumbai
3683,Women,Soccer,Premier III,2.0,,0.0,15-05-2024,Retail,Kolkata
3684,Kids,Soccer,Tiempo Legend,,3440.57,0.0,01-09-2024,Online,Hyd
3685,Women,Basketball,Air Jordan,,2633.72,0.0,13-02-2025,Retail,Hyderabad
3686,Women,Training,SuperRep Go,,,0.0,26-10-2024,Retail,hyderbad
3687,Women,Training,ZoomX Invincible,-1.0,6216.27,0.0,23-10-2024,Retail,Mumbai
3688,Kids,Running,React Infinity,1.0,5048.98,0.0,17-04-2025,Retail,Kolkata
3689,Women,Soccer,Phantom GT,,,0.0,01-09-2024,Retail,Pune
2028,Kids,Soccer,Phantom GT,2.0,,0.0,15-05-2025,Retail,Pune
3691,Men,Soccer,Premier III,4.0,,0.0,28-03-2025,Online,Bangalore
3692,Women,Basketball,Zoom Freak,0.0,,0.0,,Retail,Bangalore
3693,Men,Basketball,Air Jordan,,4239.94,0.0,,Retail,Hyderabad
3694,Kids,Soccer,Tiempo Legend,0.0,4954.41,0.0,,Online,Hyd
3695,Kids,Training,SuperRep Go,-1.0,4788.11,-3878.37,07-04-2025,Retail,Mumbai
3696,Kids,Training,ZoomX Invincible,,6425.04,0.0,09-11-2024,Retail,Kolkata
3697,Women,Running,Free RN,-1.0,,0.0,,Online,Pune
3698,Women,Basketball,Zoom Freak,0.0,7268.55,0.0,18-02-2025,Retail,Delhi
3699,Women,Running,Air Zoom,,8400.1,0.0,06-10-2024,Retail,Delhi
3700,Men,Soccer,Premier III,2.0,3951.29,0.0,,Online,Delhi
3701,Men,Training,Metcon 7,,9459.94,0.0,,Online,bengaluru
3702,Men,Running,React Infinity,,,0.0,20-05-2025,Online,Pune
3703,Men,Running,Air Zoom,,,0.0,01-10-2024,Online,Mumbai
3704,Kids,Running,Pegasus Turbo,,,0.0,,Retail,Delhi
3705,Kids,Training,Metcon 7,,5644.1,0.0,11-09-2024,Online,hyderbad
3706,Men,Running,Pegasus Turbo,1.0,9437.73,0.0,09-03-2025,Retail,hyderbad
3707,Kids,Lifestyle,Waffle One,4.0,9532.8,0.0,01-02-2025,Online,Mumbai
3708,Kids,Basketball,Kyrie Flytrap,,4546.64,0.0,15-02-2025,Retail,Bangalore
3709,Men,Soccer,Premier III,-1.0,4857.69,0.0,,Retail,Delhi
3710,Kids,Lifestyle,Blazer Mid,4.0,9015.8,0.0,,Online,Mumbai
3711,Kids,Basketball,Zoom Freak,2.0,,0.0,28-12-2023,Online,Delhi
3712,Kids,Basketball,Air Jordan,,3455.53,0.0,03-08-2024,Online,Delhi
3713,Men,Basketball,Zoom Freak,,,0.0,30-10-2024,Retail,Pune
3714,Kids,Soccer,Tiempo Legend,2.0,3568.35,0.0,21-02-2025,Retail,Mumbai
3715,Men,Lifestyle,Air Force 1,4.0,,0.0,23-06-2025,Online,Bangalore
3716,Women,Soccer,Phantom GT,,7916.1,0.0,23-08-2023,Online,Pune
3717,Kids,Training,ZoomX Invincible,0.0,7781.11,0.0,,Retail,Kolkata
3718,Kids,Training,ZoomX Invincible,,,0.0,,Online,Kolkata
3719,Men,Running,Free RN,2.0,5943.38,9152.81,21-06-2025,Online,Bangalore
3720,Men,Lifestyle,Blazer Mid,,7365.14,0.0,24-01-2025,Retail,Delhi
3721,Kids,Soccer,Tiempo Legend,,7155.1,0.0,02-07-2025,Retail,Kolkata
3722,Kids,Training,ZoomX Invincible,1.0,9335.0,7281.3,21-11-2023,Retail,Mumbai
3723,Men,Soccer,Mercurial Superfly,-1.0,7430.5,0.0,29-12-2024,Online,Delhi
3724,Kids,Basketball,LeBron 20,2.0,,0.0,22-01-2025,Online,bengaluru
3725,Men,Soccer,Phantom GT,,6318.92,0.0,18-05-2025,Online,bengaluru
3726,Kids,Soccer,Tiempo Legend,,,0.0,30-01-2025,Retail,Pune
3727,Women,Basketball,Zoom Freak,,,0.0,17-12-2024,Retail,Delhi
3728,Men,Training,Metcon 7,,,0.0,,Online,bengaluru
3729,Men,Running,Free RN,,,0.0,06-02-2025,Retail,Hyderabad
3730,Kids,Training,ZoomX Invincible,1.0,7865.95,0.0,,Online,Bangalore
3731,Kids,Soccer,Phantom GT,,7038.04,0.0,13-02-2025,Online,Delhi
2016,Women,Training,Metcon 7,2.0,,0.0,15-03-2024,Retail,Delhi
2031,Kids,Running,Pegasus Turbo,0.0,3360.35,0.0,,Retail,Delhi
3734,Men,Basketball,Air Jordan,,,0.0,,Online,Kolkata
3735,Kids,Basketball,LeBron 20,,2248.14,0.0,19-09-2024,Online,bengaluru
3736,Men,Training,ZoomX Invincible,1.0,,0.0,,Retail,Pune
3737,Kids,Basketball,Air Jordan,0.0,,0.0,,Retail,Pune
3738,Men,Soccer,Premier III,1.0,6968.08,6828.72,30-03-2025,Online,Delhi
3739,Women,Training,SuperRep Go,-1.0,5050.05,0.0,13-01-2025,Online,Kolkata
3740,Men,Basketball,Zoom Freak,0.0,,0.0,21-09-2023,Retail,Pune
3741,Kids,Lifestyle,Air Force 1,2.0,8927.22,14283.55,13-07-2025,Retail,Kolkata
3742,Women,Soccer,Tiempo Legend,,,0.0,20-06-2024,Retail,Mumbai
3743,Men,Training,Flex Trainer,,,0.0,23-08-2024,Retail,Kolkata
3744,Kids,Training,SuperRep Go,3.0,2370.48,0.0,,Online,Bangalore
3745,Men,Lifestyle,Waffle One,,,0.0,09-03-2025,Online,Kolkata
3746,Kids,Lifestyle,Waffle One,,7490.78,0.0,06-12-2024,Retail,Mumbai
3747,Men,Lifestyle,Air Force 1,4.0,5776.58,0.0,08-06-2025,Retail,Hyderabad
3748,Kids,Training,SuperRep Go,,6272.89,0.0,,Online,bengaluru
3749,Men,Basketball,Air Jordan,,6985.01,0.0,21-05-2025,Online,Kolkata
3750,Kids,Training,Metcon 7,-1.0,,0.0,21-12-2024,Retail,bengaluru
3751,Kids,Lifestyle,Air Force 1,-1.0,,0.0,,Retail,Delhi
3752,Kids,Soccer,Mercurial Superfly,,9021.79,0.0,07-10-2024,Retail,Kolkata
3753,Kids,Training,ZoomX Invincible,2.0,9315.06,-558.9,30-03-2025,Online,Hyderabad
3754,Kids,Running,Free RN,3.0,4288.27,0.0,29-09-2024,Online,bengaluru
3755,Women,Soccer,Phantom GT,4.0,2342.16,7026.48,20-04-2025,Retail,Mumbai
3756,Men,Basketball,Kyrie Flytrap,,,0.0,01-10-2024,Retail,hyderbad
3757,Men,Training,Metcon 7,,,0.0,12-06-2024,Retail,hyderbad
3758,Kids,Running,Pegasus Turbo,3.0,4306.67,0.0,10-05-2025,Retail,Delhi
3759,Women,Basketball,LeBron 20,0.0,9605.6,0.0,03-02-2025,Online,Hyderabad
3760,Men,Basketball,Air Jordan,,8313.84,0.0,29-05-2025,Online,Kolkata
3761,Women,Basketball,Zoom Freak,4.0,2972.38,10224.99,18-11-2024,Online,Hyd
3762,Men,Lifestyle,Air Force 1,1.0,2725.1,0.0,06-07-2025,Retail,Mumbai
3763,Kids,Basketball,LeBron 20,0.0,,0.0,04-03-2025,Retail,Hyderabad
3764,Men,Lifestyle,Blazer Mid,2.0,3953.6,0.0,22-02-2024,Online,Kolkata
3765,Kids,Running,Pegasus Turbo,3.0,,0.0,02-09-2024,Online,Hyderabad
3766,Women,Training,Metcon 7,,,0.0,,Online,Pune
3767,Kids,Training,Flex Trainer,1.0,,0.0,08-05-2025,Retail,Mumbai
3768,Men,Soccer,Tiempo Legend,,,0.0,03-10-2024,Retail,hyderbad
3769,Women,Running,Free RN,,,0.0,17-03-2025,Retail,Bangalore
3770,Women,Running,Free RN,4.0,,0.0,03-02-2024,Retail,Mumbai
3771,Kids,Basketball,Kyrie Flytrap,-1.0,3388.26,0.0,02-09-2024,Retail,Delhi
3772,Women,Soccer,Mercurial Superfly,3.0,8140.47,0.0,23-11-2024,Retail,Pune
3773,Men,Lifestyle,Dunk Low,,3633.25,0.0,,Online,hyderbad
3774,Women,Soccer,Mercurial Superfly,,3126.57,0.0,16-12-2024,Retail,Hyderabad
3775,Women,Running,Pegasus Turbo,0.0,,0.0,02-07-2024,Online,Delhi
3776,Men,Soccer,Tiempo Legend,,,0.0,12-11-2024,Online,Kolkata
3777,Men,Training,SuperRep Go,-1.0,,0.0,05-06-2025,Retail,Hyd
3778,Kids,Lifestyle,Waffle One,,7248.3,0.0,06-05-2025,Online,Kolkata
3779,Women,Soccer,Tiempo Legend,,,0.0,17-12-2024,Online,Kolkata
3780,Women,Soccer,Tiempo Legend,0.0,5054.63,0.0,,Online,Pune
3781,Kids,Running,Pegasus Turbo,,,0.0,21-02-2024,Retail,Mumbai
3782,Kids,Training,ZoomX Invincible,0.0,,0.0,22-02-2025,Online,Mumbai
3783,Women,Running,React Infinity,2.0,8500.65,0.0,,Online,Mumbai
3784,Kids,Training,SuperRep Go,0.0,,0.0,07-07-2025,Retail,Pune
3785,Kids,Lifestyle,Blazer Mid,3.0,6464.0,10665.6,,Retail,Delhi
3786,Men,Lifestyle,Air Force 1,,,0.0,11-06-2025,Retail,Kolkata
3787,Kids,Soccer,Mercurial Superfly,,5782.29,0.0,25-01-2024,Retail,Bangalore
3788,Kids,Soccer,Tiempo Legend,,,0.0,18-05-2025,Retail,Kolkata
3789,Women,Lifestyle,Air Force 1,2.0,2738.79,0.0,11-08-2024,Retail,hyderbad
3790,Men,Basketball,Air Jordan,2.0,,0.0,13-07-2025,Retail,Mumbai
3791,Kids,Basketball,Kyrie Flytrap,,,0.0,04-02-2025,Online,Hyd
3792,Men,Running,Free RN,,,0.0,23-07-2024,Retail,Pune
3793,Women,Running,Pegasus Turbo,,2749.96,0.0,23-01-2025,Online,Hyderabad
3794,Men,Training,Flex Trainer,3.0,9360.87,0.0,18-04-2025,Online,Pune
3795,Men,Soccer,Phantom GT,4.0,,0.0,20-09-2024,Retail,Hyderabad
3796,Women,Basketball,Zoom Freak,4.0,6165.64,20716.55,22-12-2024,Online,Delhi
3797,Women,Training,ZoomX Invincible,,8735.51,0.0,25-06-2025,Online,Mumbai
3798,Women,Training,SuperRep Go,,3503.14,0.0,24-05-2025,Retail,Pune
3799,Men,Basketball,Air Jordan,3.0,7881.86,0.0,,Retail,Mumbai
3800,Men,Lifestyle,Dunk Low,,,0.0,,Retail,Bangalore
3801,Women,Training,ZoomX Invincible,,,0.0,,Online,Delhi
3802,Women,Running,React Infinity,,2391.13,0.0,16-12-2024,Retail,Delhi
3803,Men,Basketball,Zoom Freak,3.0,,0.0,26-04-2025,Online,Mumbai
3804,Women,Basketball,Kyrie Flytrap,2.0,,0.0,,Retail,Hyd
3805,Women,Lifestyle,Dunk Low,0.0,,0.0,11-08-2024,Retail,bengaluru
3806,Women,Running,Free RN,,,0.0,03-01-2024,Retail,bengaluru
3807,Kids,Lifestyle,Dunk Low,3.0,,0.0,11-05-2025,Retail,Hyderabad
3808,Kids,Running,Free RN,0.0,,0.0,,Online,Kolkata
3809,Women,Running,Air Zoom,-1.0,,0.0,13-02-2024,Retail,Kolkata
3810,Kids,Soccer,Phantom GT,,7556.37,0.0,,Online,Pune
3811,Women,Running,React Infinity,0.0,5706.6,0.0,28-09-2024,Online,bengaluru
3812,Kids,Training,ZoomX Invincible,0.0,9321.19,0.0,01-11-2024,Online,Kolkata
3813,Men,Lifestyle,Waffle One,3.0,,0.0,09-05-2025,Online,Mumbai
3814,Kids,Lifestyle,Dunk Low,-1.0,9668.47,0.0,25-12-2024,Retail,Kolkata
3815,Women,Training,Flex Trainer,3.0,,0.0,16-04-2025,Online,Kolkata
3816,Men,Soccer,Premier III,,7264.55,0.0,,Online,Bangalore
3817,Kids,Basketball,Kyrie Flytrap,-1.0,,0.0,30-10-2024,Retail,Mumbai
3818,Women,Basketball,LeBron 20,1.0,,0.0,,Retail,Pune
3819,Kids,Basketball,Zoom Freak,3.0,7171.03,0.0,27-05-2025,Retail,Kolkata
3820,Men,Training,Flex Trainer,,,0.0,04-02-2025,Retail,Mumbai
3821,Women,Lifestyle,Air Force 1,-1.0,7539.55,0.0,19-10-2024,Retail,Kolkata
3822,Kids,Basketball,LeBron 20,,4017.71,0.0,,Online,Pune
3823,Men,Running,Air Zoom,-1.0,,0.0,,Online,bengaluru
3824,Kids,Running,Free RN,,,0.0,23-11-2024,Retail,Hyd
3825,Kids,Basketball,LeBron 20,,,0.0,01-04-2025,Retail,Kolkata
3826,Men,Lifestyle,Waffle One,,6598.54,0.0,08-10-2024,Retail,Mumbai
3827,Kids,Soccer,Phantom GT,2.0,,0.0,,Online,Delhi
3828,Men,Basketball,Air Jordan,,3208.18,0.0,20-12-2024,Retail,Hyd
3829,Kids,Running,Air Zoom,,5000.96,0.0,24-06-2025,Online,Mumbai
3830,Kids,Soccer,Phantom GT,2.0,3664.1,0.0,04-09-2024,Retail,Hyderabad
3831,Men,Running,Air Zoom,0.0,3231.05,0.0,26-04-2025,Online,Bangalore
3832,Men,Basketball,Kyrie Flytrap,,3928.02,0.0,28-05-2025,Retail,Kolkata
3833,Men,Soccer,Phantom GT,,5312.88,0.0,26-02-2025,Retail,Kolkata
3834,Kids,Lifestyle,Dunk Low,,9190.55,0.0,23-03-2025,Retail,Delhi
3835,Men,Running,Free RN,1.0,,0.0,,Retail,Pune
2028,Women,Running,Pegasus Turbo,0.0,,0.0,20-02-2025,Online,Delhi
3837,Women,Soccer,Tiempo Legend,,7490.57,0.0,26-07-2024,Retail,Bangalore
3838,Women,Soccer,Mercurial Superfly,,4262.63,0.0,05-04-2025,Retail,Delhi
3839,Women,Lifestyle,Air Force 1,,3907.78,0.0,,Online,Delhi
3840,Men,Soccer,Phantom GT,0.0,,0.0,20-03-2025,Retail,Pune
3841,Men,Running,React Infinity,-1.0,,0.0,,Retail,Kolkata
3842,Men,Soccer,Tiempo Legend,-1.0,,0.0,14-09-2024,Retail,Mumbai
3843,Women,Training,SuperRep Go,2.0,,0.0,,Online,hyderbad
3844,Women,Training,Metcon 7,1.0,,0.0,29-08-2024,Online,Mumbai
3845,Kids,Lifestyle,Waffle One,,,0.0,,Online,Pune
3846,Women,Lifestyle,Air Force 1,,8357.96,0.0,31-08-2024,Retail,Bangalore
3847,Men,Basketball,Kyrie Flytrap,,5605.99,0.0,09-10-2024,Retail,Delhi
3848,Kids,Basketball,Air Jordan,,9250.25,0.0,11-07-2025,Online,bengaluru
3849,Men,Training,Metcon 7,1.0,,0.0,,Online,Pune
3850,Women,Training,SuperRep Go,1.0,,0.0,16-06-2025,Retail,Delhi
2045,Kids,Running,Pegasus Turbo,1.0,4891.02,0.0,,Online,Kolkata
3852,Men,Lifestyle,Air Force 1,1.0,7834.8,0.0,17-10-2024,Online,Kolkata
3853,Women,Training,Flex Trainer,1.0,7753.56,0.0,,Online,Kolkata
3854,Women,Training,Flex Trainer,3.0,9569.02,0.0,,Online,Bangalore
3855,Kids,Basketball,LeBron 20,,7104.38,0.0,31-01-2025,Retail,Delhi
3856,Kids,Running,React Infinity,,6943.86,0.0,,Retail,Kolkata
3857,Women,Soccer,Mercurial Superfly,,8490.02,0.0,04-09-2024,Online,Kolkata
3858,Kids,Lifestyle,Waffle One,2.0,,0.0,07-09-2024,Online,Bangalore
3859,Kids,Lifestyle,Blazer Mid,3.0,,0.0,20-11-2024,Retail,Mumbai
3860,Men,Basketball,LeBron 20,3.0,,0.0,04-04-2025,Online,Mumbai
3861,Men,Basketball,Air Jordan,4.0,,0.0,,Retail,hyderbad
3862,Kids,Lifestyle,Dunk Low,1.0,,0.0,17-11-2023,Online,Delhi
3863,Women,Training,Flex Trainer,,6358.33,0.0,28-06-2025,Retail,Hyd
3864,Women,Training,SuperRep Go,,,0.0,01-05-2025,Retail,Delhi
3865,Men,Training,ZoomX Invincible,2.0,7356.92,0.0,,Online,Hyd
3866,Women,Basketball,LeBron 20,3.0,,0.0,14-02-2025,Retail,Kolkata
3867,Kids,Lifestyle,Waffle One,,,0.0,04-10-2024,Online,bengaluru
3868,Women,Running,Free RN,0.0,3554.76,0.0,27-04-2025,Online,Bangalore
3869,Women,Basketball,LeBron 20,3.0,7599.38,-3875.68,,Retail,Delhi
3870,Women,Training,ZoomX Invincible,,6944.2,0.0,17-05-2025,Online,Hyderabad
3871,Women,Training,SuperRep Go,3.0,,0.0,17-09-2024,Retail,Delhi
3872,Women,Training,SuperRep Go,,8517.62,0.0,,Retail,Delhi
3873,Men,Soccer,Tiempo Legend,3.0,,0.0,,Online,bengaluru
3874,Women,Basketball,LeBron 20,4.0,3305.6,3966.72,27-08-2024,Online,Kolkata
3875,Women,Basketball,LeBron 20,0.0,3304.18,0.0,,Retail,Pune
3876,Men,Soccer,Phantom GT,-1.0,4310.9,0.0,24-12-2024,Retail,hyderbad
3877,Men,Training,SuperRep Go,,,0.0,18-03-2025,Online,Delhi
3878,Men,Running,Air Zoom,,3224.56,0.0,13-08-2024,Retail,Kolkata
3879,Men,Training,Flex Trainer,0.0,6473.43,0.0,,Retail,Pune
3880,Kids,Soccer,Premier III,0.0,,0.0,25-02-2025,Online,Mumbai
3881,Women,Training,SuperRep Go,3.0,3656.98,10312.68,,Online,hyderbad
3882,Men,Soccer,Tiempo Legend,,7237.49,0.0,,Online,Bangalore
3883,Kids,Soccer,Premier III,,8737.43,0.0,10-05-2025,Retail,Delhi
2012,Men,Basketball,Air Jordan,,,0.0,30-03-2025,Retail,Bangalore
3885,Men,Training,Metcon 7,2.0,,0.0,10-11-2024,Online,bengaluru
3886,Kids,Basketball,Kyrie Flytrap,,4967.69,0.0,16-01-2025,Retail,Delhi
3887,Women,Basketball,Zoom Freak,4.0,,0.0,07-06-2025,Online,Mumbai
3888,Kids,Training,ZoomX Invincible,,3737.67,0.0,30-12-2024,Online,Mumbai
3889,Kids,Soccer,Phantom GT,,8925.29,0.0,24-07-2024,Online,Kolkata
3890,Women,Training,ZoomX Invincible,,4392.78,0.0,10-01-2025,Online,Delhi
3891,Men,Training,ZoomX Invincible,0.0,9453.17,0.0,13-02-2025,Retail,Bangalore
3892,Kids,Training,Flex Trainer,,,0.0,,Online,Delhi
3893,Men,Basketball,Air Jordan,,,0.0,13-07-2025,Retail,Delhi
3894,Women,Soccer,Premier III,-1.0,5255.98,157.68,08-06-2024,Online,Pune
3895,Men,Soccer,Tiempo Legend,-1.0,,0.0,15-02-2025,Online,Hyderabad
3896,Men,Basketball,Kyrie Flytrap,,6289.82,0.0,,Online,Mumbai
3897,Women,Soccer,Tiempo Legend,2.0,6050.27,3751.17,,Retail,Delhi
3898,Men,Basketball,LeBron 20,1.0,,0.0,27-02-2025,Retail,Hyd
3899,Men,Basketball,Zoom Freak,1.0,,0.0,,Retail,Pune
3900,Men,Basketball,Zoom Freak,3.0,9599.44,0.0,01-11-2024,Retail,Delhi
3901,Men,Running,Air Zoom,,,0.0,30-04-2025,Retail,Mumbai
3902,Men,Running,Pegasus Turbo,,,0.0,02-01-2025,Online,Kolkata
3903,Kids,Running,React Infinity,,,0.0,,Online,Pune
3904,Kids,Soccer,Phantom GT,2.0,7775.87,0.0,28-05-2025,Retail,Bangalore
3905,Women,Soccer,Tiempo Legend,,,0.0,10-12-2024,Retail,Kolkata
3906,Men,Lifestyle,Dunk Low,4.0,7588.77,26105.37,04-09-2024,Online,hyderbad
3907,Women,Running,React Infinity,3.0,,0.0,,Retail,Delhi
3908,Women,Running,Free RN,0.0,3253.63,0.0,18-03-2025,Retail,Kolkata
3909,Women,Soccer,Premier III,,,0.0,,Retail,Delhi
3910,Men,Basketball,Zoom Freak,,2913.15,0.0,13-03-2025,Online,Pune
3911,Men,Soccer,Premier III,1.0,5598.98,0.0,07-05-2025,Retail,Mumbai
3912,Kids,Basketball,LeBron 20,-1.0,6977.03,0.0,31-05-2025,Online,Pune
3913,Kids,Training,ZoomX Invincible,1.0,5255.09,0.0,12-06-2024,Retail,Delhi
3914,Kids,Soccer,Tiempo Legend,2.0,,0.0,29-10-2024,Retail,Delhi
3915,Men,Running,Free RN,2.0,7962.36,0.0,12-03-2025,Online,Pune
3916,Women,Soccer,Premier III,3.0,,0.0,,Retail,Kolkata
3917,Women,Running,React Infinity,0.0,4726.33,0.0,02-10-2024,Online,Pune
3918,Men,Running,Pegasus Turbo,,,0.0,,Online,Bangalore
2032,Kids,Lifestyle,Waffle One,-1.0,,0.0,08-03-2025,Retail,Bangalore
3920,Women,Running,Air Zoom,,5540.68,0.0,09-06-2025,Online,Pune
3921,Kids,Lifestyle,Blazer Mid,,,0.0,23-05-2025,Retail,Hyd
3922,Kids,Soccer,Phantom GT,,,0.0,,Retail,Bangalore
3923,Men,Basketball,LeBron 20,0.0,2187.01,0.0,21-01-2025,Online,Kolkata
3924,Women,Running,Pegasus Turbo,,4809.5,0.0,26-03-2024,Online,Kolkata
3925,Kids,Basketball,LeBron 20,2.0,,0.0,19-04-2025,Retail,hyderbad
3926,Men,Lifestyle,Dunk Low,2.0,4791.86,0.0,08-11-2024,Online,Mumbai
3927,Women,Soccer,Premier III,,,0.0,10-04-2025,Retail,bengaluru
3928,Men,Running,Pegasus Turbo,2.0,5636.21,2930.83,,Retail,Delhi
3929,Kids,Running,Free RN,1.0,4199.97,420.0,14-05-2025,Retail,Mumbai
3930,Men,Soccer,Phantom GT,,3606.77,0.0,08-02-2025,Retail,Mumbai
3931,Men,Lifestyle,Dunk Low,,9904.73,0.0,,Online,Hyderabad
3932,Kids,Training,SuperRep Go,4.0,4520.97,8318.58,10-06-2025,Retail,Bangalore
3933,Men,Training,SuperRep Go,4.0,,0.0,25-01-2025,Online,Pune
3934,Kids,Soccer,Mercurial Superfly,,,0.0,,Online,Kolkata
3935,Women,Running,React Infinity,,,0.0,22-07-2025,Retail,Pune
3936,Kids,Lifestyle,Blazer Mid,3.0,3544.33,0.0,28-07-2023,Retail,Pune
3937,Women,Running,React Infinity,,9550.19,0.0,07-12-2024,Online,Hyd
3938,Kids,Training,SuperRep Go,1.0,2823.65,0.0,,Online,Kolkata
3939,Women,Training,ZoomX Invincible,,,0.0,22-01-2025,Online,Bangalore
3940,Kids,Running,React Infinity,,,0.0,30-12-2024,Online,Hyderabad
3941,Men,Soccer,Phantom GT,0.0,9789.2,0.0,,Online,Pune
3942,Men,Lifestyle,Blazer Mid,1.0,3283.25,0.0,27-04-2024,Online,Delhi
3943,Women,Soccer,Tiempo Legend,0.0,7253.3,0.0,,Retail,Bangalore
3944,Men,Training,Metcon 7,,,0.0,12-10-2024,Online,Bangalore
2002,Kids,Soccer,Phantom GT,,,0.0,16-05-2025,Online,Delhi
3946,Men,Training,SuperRep Go,-1.0,,0.0,23-08-2024,Retail,Kolkata
3947,Men,Training,SuperRep Go,2.0,,0.0,29-07-2024,Retail,Kolkata
3948,Women,Basketball,LeBron 20,,,0.0,,Online,Delhi
2003,Women,Lifestyle,Waffle One,,7203.25,0.0,03-03-2025,Online,Kolkata
3950,Kids,Running,React Infinity,,3474.66,0.0,02-07-2025,Online,Kolkata
3951,Women,Soccer,Mercurial Superfly,,,0.0,31-12-2024,Online,Delhi
3952,Women,Soccer,Mercurial Superfly,,,0.0,29-06-2025,Online,Mumbai
3953,Women,Basketball,Air Jordan,,,0.0,14-01-2025,Retail,Delhi
2042,Kids,Soccer,Tiempo Legend,4.0,8290.97,0.0,30-12-2024,Online,Delhi
3955,Kids,Training,SuperRep Go,3.0,,0.0,16-01-2025,Retail,Pune
3956,Women,Lifestyle,Air Force 1,2.0,,0.0,06-03-2025,Online,Hyd
3957,Men,Lifestyle,Waffle One,,2113.01,0.0,26-06-2025,Online,Hyderabad
3958,Women,Lifestyle,Dunk Low,4.0,8614.93,0.0,23-03-2024,Retail,Kolkata
3959,Kids,Lifestyle,Dunk Low,4.0,6091.98,0.0,12-01-2025,Retail,Mumbai
3960,Women,Lifestyle,Dunk Low,,2451.47,0.0,22-06-2025,Retail,Mumbai
3961,Kids,Lifestyle,Waffle One,,3369.14,0.0,28-03-2025,Online,Hyderabad
2041,Kids,Soccer,Tiempo Legend,-1.0,4414.63,0.0,27-02-2025,Online,Bangalore
3963,Men,Soccer,Mercurial Superfly,1.0,6698.41,0.0,,Retail,Mumbai
3964,Women,Training,ZoomX Invincible,-1.0,,0.0,03-01-2025,Retail,Kolkata
3965,Kids,Soccer,Mercurial Superfly,,,0.0,,Online,Hyd
3966,Kids,Training,Metcon 7,,,0.0,,Retail,Mumbai
3967,Women,Lifestyle,Waffle One,0.0,,0.0,,Online,Bangalore
3968,Kids,Lifestyle,Waffle One,,8141.77,0.0,05-12-2024,Retail,bengaluru
3969,Women,Lifestyle,Waffle One,,7922.86,0.0,04-08-2023,Retail,Mumbai
3970,Men,Soccer,Phantom GT,0.0,9990.8,0.0,29-06-2025,Retail,Kolkata
3971,Kids,Training,Metcon 7,,,0.0,11-02-2025,Retail,bengaluru
3972,Men,Running,Pegasus Turbo,1.0,,0.0,20-12-2024,Retail,bengaluru
3973,Kids,Running,React Infinity,2.0,,0.0,,Online,Bangalore
3974,Men,Lifestyle,Dunk Low,4.0,,0.0,22-03-2024,Retail,Delhi
3975,Women,Soccer,Tiempo Legend,3.0,,0.0,22-03-2025,Retail,Mumbai
3976,Men,Training,SuperRep Go,4.0,7534.51,-1506.9,12-12-2024,Retail,Delhi
3977,Men,Soccer,Mercurial Superfly,0.0,7483.74,0.0,11-05-2025,Online,Delhi
3978,Women,Training,Flex Trainer,2.0,9847.52,0.0,11-09-2024,Retail,Delhi
3979,Men,Training,ZoomX Invincible,3.0,,0.0,11-06-2025,Online,Pune
3980,Men,Training,SuperRep Go,,,0.0,07-07-2025,Retail,hyderbad
3981,Men,Soccer,Premier III,,4007.55,0.0,21-12-2023,Online,Delhi
3982,Men,Basketball,Zoom Freak,,8006.71,0.0,16-10-2024,Online,Bangalore
3983,Kids,Lifestyle,Waffle One,4.0,,0.0,,Online,Pune
3984,Women,Training,SuperRep Go,4.0,,0.0,,Retail,Pune
2048,Kids,Basketball,Air Jordan,2.0,8918.66,-3389.09,14-02-2024,Retail,Delhi
3986,Kids,Running,Air Zoom,1.0,,0.0,10-11-2024,Retail,Mumbai
3987,Kids,Basketball,Zoom Freak,2.0,,0.0,18-08-2024,Retail,Hyd
3988,Kids,Lifestyle,Blazer Mid,4.0,7945.46,10488.01,10-10-2024,Online,Pune
3989,Men,Training,Metcon 7,-1.0,,0.0,20-10-2024,Online,bengaluru
3990,Kids,Basketball,Air Jordan,0.0,,0.0,,Online,Kolkata
3991,Men,Training,ZoomX Invincible,0.0,,0.0,19-07-2025,Online,bengaluru
3992,Men,Lifestyle,Dunk Low,-1.0,4431.62,0.0,13-01-2025,Online,Pune
3993,Kids,Lifestyle,Blazer Mid,-1.0,,0.0,25-04-2025,Retail,Hyd
3994,Kids,Basketball,Air Jordan,4.0,,0.0,12-04-2025,Retail,bengaluru
3995,Men,Lifestyle,Air Force 1,-1.0,,0.0,,Online,Delhi
3996,Men,Running,React Infinity,2.0,,0.0,,Online,bengaluru
3997,Women,Lifestyle,Waffle One,4.0,,0.0,24-01-2024,Retail,Hyderabad
3998,Men,Training,Flex Trainer,,,0.0,,Online,Delhi
3999,Kids,Lifestyle,Blazer Mid,,,0.0,16-09-2024,Online,Kolkata
4000,Women,Basketball,Air Jordan,-1.0,,0.0,09-01-2025,Retail,Kolkata
4001,Women,Basketball,Zoom Freak,,7586.32,0.0,,Online,Mumbai
4002,Kids,Soccer,Mercurial Superfly,,6056.88,0.0,03-11-2024,Retail,Mumbai
4003,Men,Lifestyle,Air Force 1,,7165.28,0.0,03-02-2025,Retail,Mumbai
4004,Men,Basketball,Air Jordan,,,0.0,14-04-2025,Retail,Delhi
4005,Kids,Training,Metcon 7,,3730.58,0.0,30-11-2024,Online,Delhi
4006,Kids,Basketball,LeBron 20,,,0.0,,Retail,Kolkata
4007,Kids,Soccer,Premier III,0.0,,0.0,10-01-2025,Retail,Pune
4008,Men,Basketball,LeBron 20,3.0,7737.27,21586.98,15-12-2023,Retail,Hyderabad
4009,Kids,Basketball,Zoom Freak,,,0.0,30-03-2024,Retail,Mumbai
2046,Men,Training,ZoomX Invincible,-1.0,5091.2,0.0,10-07-2025,Retail,Pune
4011,Women,Running,Air Zoom,4.0,4909.56,0.0,04-07-2025,Retail,Bangalore
4012,Men,Basketball,Zoom Freak,,5879.06,0.0,28-05-2025,Retail,Hyd
4013,Women,Basketball,LeBron 20,2.0,3794.99,0.0,04-07-2025,Online,hyderbad
4014,Kids,Running,Air Zoom,,,0.0,04-08-2024,Retail,hyderbad
4015,Men,Lifestyle,Air Force 1,4.0,5505.76,0.0,05-07-2025,Online,bengaluru
2021,Kids,Lifestyle,Waffle One,,4561.67,0.0,13-02-2024,Online,Pune
4017,Kids,Training,Metcon 7,,9229.7,0.0,20-03-2025,Online,Mumbai
4018,Women,Lifestyle,Blazer Mid,,6469.59,0.0,,Retail,Mumbai
4019,Women,Soccer,Tiempo Legend,-1.0,,0.0,27-10-2024,Online,bengaluru
4020,Women,Running,Pegasus Turbo,,4052.25,0.0,,Retail,bengaluru
4021,Women,Basketball,Kyrie Flytrap,,7023.61,0.0,,Online,Delhi
4022,Kids,Training,Metcon 7,,,0.0,21-12-2024,Online,bengaluru
4023,Women,Running,Free RN,0.0,2376.12,0.0,28-11-2024,Online,hyderbad
4024,Men,Training,Metcon 7,0.0,,0.0,29-08-2024,Retail,bengaluru
4025,Women,Basketball,Kyrie Flytrap,,2265.37,0.0,25-06-2024,Retail,Kolkata
4026,Men,Basketball,Zoom Freak,0.0,3731.78,0.0,17-02-2025,Online,Hyderabad
4027,Men,Basketball,Air Jordan,,8050.32,0.0,,Retail,Delhi
4028,Women,Running,Pegasus Turbo,3.0,,0.0,12-01-2025,Retail,Delhi
4029,Kids,Training,Flex Trainer,,,0.0,29-06-2025,Retail,Bangalore
4030,Men,Lifestyle,Waffle One,,,0.0,28-04-2025,Online,Kolkata
4031,Men,Soccer,Phantom GT,2.0,4272.26,1452.57,,Retail,Kolkata
4032,Men,Running,Pegasus Turbo,,,0.0,,Retail,Pune
4033,Men,Lifestyle,Blazer Mid,4.0,4398.68,12844.15,,Retail,Bangalore
2020,Men,Running,Air Zoom,2.0,5614.96,0.0,05-03-2025,Online,Kolkata
4035,Women,Training,ZoomX Invincible,,,0.0,11-01-2025,Retail,Delhi
4036,Men,Soccer,Mercurial Superfly,-1.0,,0.0,,Online,Mumbai
4037,Women,Basketball,LeBron 20,,,0.0,08-08-2023,Retail,Delhi
4038,Kids,Running,Pegasus Turbo,,5349.1,0.0,04-03-2025,Retail,Pune
4039,Women,Lifestyle,Air Force 1,,5103.01,0.0,06-12-2024,Online,Delhi
2041,Men,Training,Metcon 7,,,0.0,05-07-2025,Online,Hyderabad
4041,Men,Running,Pegasus Turbo,2.0,,0.0,09-09-2024,Online,Mumbai
4042,Kids,Lifestyle,Air Force 1,0.0,2566.15,0.0,,Online,hyderbad
4043,Kids,Running,Air Zoom,4.0,5235.22,10261.03,28-05-2025,Online,hyderbad
4044,Women,Training,Flex Trainer,0.0,6687.28,0.0,07-08-2024,Online,Pune
2003,Women,Soccer,Premier III,,,0.0,03-08-2024,Online,Kolkata
4046,Women,Running,React Infinity,,5140.99,0.0,20-02-2025,Online,Pune
4047,Men,Running,Air Zoom,2.0,,0.0,,Retail,Kolkata
4048,Men,Running,Air Zoom,,2342.93,0.0,,Retail,Delhi
2046,Kids,Running,React Infinity,2.0,,0.0,,Online,Delhi
4050,Women,Running,Pegasus Turbo,,3750.77,0.0,27-02-2025,Online,bengaluru
4051,Kids,Training,Metcon 7,,7986.76,0.0,11-10-2024,Online,Hyderabad
4052,Kids,Training,Flex Trainer,,6952.66,0.0,19-01-2025,Online,hyderbad
4053,Women,Soccer,Phantom GT,2.0,,0.0,02-03-2025,Retail,Pune
4054,Women,Lifestyle,Waffle One,,3394.38,0.0,09-05-2024,Online,Mumbai
4055,Kids,Running,Air Zoom,,8333.95,0.0,,Online,Mumbai
4056,Kids,Running,Air Zoom,,,0.0,13-12-2024,Retail,Hyd
4057,Kids,Basketball,Kyrie Flytrap,,,0.0,22-09-2023,Retail,Delhi
4058,Kids,Basketball,Kyrie Flytrap,,,0.0,13-11-2024,Online,Delhi
4059,Kids,Basketball,Air Jordan,1.0,9700.41,-2328.1,03-02-2025,Retail,Delhi
4060,Women,Soccer,Tiempo Legend,-1.0,8655.46,-865.55,20-08-2024,Online,Pune
4061,Men,Basketball,Air Jordan,,,0.0,,Retail,Mumbai
4062,Men,Basketball,Zoom Freak,0.0,,0.0,17-05-2025,Online,Mumbai
4063,Kids,Lifestyle,Air Force 1,0.0,,0.0,,Online,Mumbai
4064,Men,Basketball,Air Jordan,4.0,,0.0,24-09-2024,Retail,Hyd
4065,Women,Basketball,LeBron 20,,7881.81,0.0,08-12-2024,Online,Pune
4066,Kids,Running,React Infinity,4.0,6599.26,3959.56,29-06-2025,Retail,Bangalore
4067,Men,Soccer,Mercurial Superfly,4.0,7408.31,0.0,17-05-2025,Online,bengaluru
4068,Men,Soccer,Tiempo Legend,-1.0,,0.0,,Online,Pune
2030,Women,Soccer,Premier III,,9804.64,0.0,08-02-2025,Online,Bangalore
4070,Kids,Basketball,Air Jordan,,6966.16,0.0,23-10-2024,Retail,Pune
4071,Men,Lifestyle,Blazer Mid,-1.0,,0.0,,Retail,bengaluru
4072,Men,Soccer,Premier III,,,0.0,20-05-2025,Online,Pune
4073,Kids,Training,Flex Trainer,2.0,5732.59,0.0,30-11-2024,Online,Kolkata
4074,Kids,Basketball,LeBron 20,,8673.78,0.0,28-03-2024,Retail,Mumbai
4075,Kids,Running,Free RN,-1.0,,0.0,30-05-2025,Online,Delhi
4076,Kids,Basketball,LeBron 20,,,0.0,03-04-2025,Online,Kolkata
4077,Men,Training,SuperRep Go,,9261.43,0.0,,Online,Mumbai
4078,Women,Lifestyle,Air Force 1,,,0.0,01-01-2025,Online,Mumbai
4079,Kids,Lifestyle,Waffle One,,,0.0,21-11-2024,Retail,Delhi
4080,Kids,Training,Flex Trainer,,8515.92,0.0,27-11-2024,Retail,Hyderabad
4081,Men,Lifestyle,Waffle One,,4902.19,0.0,,Retail,bengaluru
4082,Kids,Soccer,Mercurial Superfly,,8233.64,0.0,07-04-2025,Retail,Bangalore
4083,Men,Training,Flex Trainer,,8711.81,0.0,29-03-2025,Online,bengaluru
4084,Kids,Running,Air Zoom,-1.0,2108.04,0.0,,Retail,Kolkata
4085,Men,Lifestyle,Dunk Low,4.0,,0.0,21-01-2025,Online,bengaluru
4086,Women,Running,Air Zoom,3.0,4537.02,0.0,03-04-2025,Online,Pune
4087,Men,Basketball,LeBron 20,,,0.0,13-03-2024,Retail,hyderbad
4088,Men,Training,Flex Trainer,2.0,5649.73,6666.68,16-03-2025,Retail,Mumbai
4089,Women,Running,React Infinity,,,0.0,15-02-2025,Online,Bangalore
4090,Men,Lifestyle,Air Force 1,,5109.51,0.0,26-06-2025,Retail,Delhi
4091,Kids,Running,Free RN,,8331.85,0.0,,Retail,Kolkata
4092,Women,Lifestyle,Air Force 1,-1.0,9861.8,0.0,23-10-2024,Online,Delhi
4093,Women,Lifestyle,Waffle One,4.0,8888.58,0.0,,Retail,Kolkata
4094,Kids,Soccer,Tiempo Legend,,4094.79,0.0,18-05-2025,Online,Hyd
4095,Men,Running,Free RN,1.0,7129.09,0.0,,Online,Pune
4096,Women,Soccer,Phantom GT,,,0.0,03-04-2024,Online,Pune
4097,Men,Basketball,Kyrie Flytrap,,3443.1,0.0,17-09-2024,Retail,hyderbad
4098,Men,Lifestyle,Waffle One,0.0,,0.0,11-09-2024,Retail,Bangalore
4099,Women,Soccer,Tiempo Legend,,8864.29,0.0,15-03-2025,Online,Pune
4100,Men,Running,Pegasus Turbo,,3315.29,0.0,19-03-2024,Online,Delhi
4101,Men,Soccer,Mercurial Superfly,,,0.0,10-07-2024,Retail,Delhi
4102,Men,Basketball,LeBron 20,-1.0,,0.0,20-06-2025,Retail,Mumbai
4103,Men,Lifestyle,Waffle One,,2475.41,0.0,,Retail,hyderbad
4104,Kids,Basketball,Zoom Freak,2.0,,0.0,16-07-2025,Online,bengaluru
4105,Men,Running,Pegasus Turbo,,3489.95,0.0,25-05-2024,Retail,Bangalore
2030,Men,Soccer,Phantom GT,,3998.0,0.0,,Online,Bangalore
4107,Kids,Running,React Infinity,2.0,,0.0,27-04-2025,Retail,hyderbad
4108,Kids,Running,Pegasus Turbo,2.0,2767.55,4483.43,25-11-2023,Online,Kolkata
4109,Kids,Training,SuperRep Go,,9731.83,0.0,29-11-2024,Online,Mumbai
4110,Men,Training,Metcon 7,2.0,,0.0,26-08-2024,Retail,Hyderabad
4111,Women,Lifestyle,Waffle One,-1.0,4934.05,-838.79,26-11-2024,Retail,bengaluru
4112,Women,Running,React Infinity,-1.0,6254.85,0.0,22-04-2025,Online,Delhi
4113,Kids,Basketball,Zoom Freak,2.0,6435.66,-643.57,12-05-2025,Online,Bangalore
4114,Kids,Training,Metcon 7,4.0,4307.83,0.0,13-07-2025,Retail,bengaluru
4115,Men,Basketball,Air Jordan,,4613.79,0.0,14-05-2025,Retail,Delhi
4116,Women,Lifestyle,Air Force 1,,3854.22,0.0,19-08-2024,Online,Pune
4117,Women,Basketball,Zoom Freak,,9501.67,0.0,03-10-2024,Online,Hyderabad
4118,Kids,Basketball,LeBron 20,4.0,5355.64,0.0,21-05-2025,Retail,Mumbai
4119,Kids,Training,ZoomX Invincible,,8849.62,0.0,25-08-2024,Online,Mumbai
4120,Women,Basketball,Zoom Freak,,,0.0,,Online,Delhi
4121,Kids,Training,ZoomX Invincible,0.0,2763.46,0.0,07-11-2024,Retail,bengaluru
4122,Kids,Lifestyle,Dunk Low,1.0,,0.0,18-06-2025,Retail,Mumbai
4123,Women,Running,Air Zoom,,8184.99,0.0,,Retail,Hyd
4124,Kids,Basketball,LeBron 20,1.0,,0.0,16-10-2023,Online,Delhi
4125,Men,Soccer,Tiempo Legend,,,0.0,,Retail,Kolkata
4126,Women,Training,SuperRep Go,,,0.0,20-07-2025,Retail,Delhi
4127,Women,Running,Free RN,-1.0,4690.15,-2391.98,21-12-2024,Online,Kolkata
4128,Women,Lifestyle,Air Force 1,,2566.91,0.0,,Online,Mumbai
4129,Men,Running,Pegasus Turbo,,3445.62,0.0,02-03-2025,Retail,Kolkata
4130,Men,Running,Air Zoom,,2776.53,0.0,,Online,Mumbai
4131,Women,Running,React Infinity,,2081.15,0.0,16-11-2024,Online,Bangalore
4132,Women,Lifestyle,Dunk Low,,5087.72,0.0,08-08-2024,Online,Hyderabad
4133,Men,Basketball,Air Jordan,3.0,4105.06,0.0,09-11-2024,Online,Mumbai
4134,Women,Training,ZoomX Invincible,1.0,,0.0,,Retail,Delhi
4135,Men,Training,SuperRep Go,2.0,3860.5,0.0,14-10-2024,Retail,Delhi
4136,Kids,Lifestyle,Air Force 1,,,0.0,16-11-2024,Online,Delhi
4137,Women,Basketball,LeBron 20,,2310.45,0.0,02-01-2025,Retail,Hyd
4138,Kids,Running,Free RN,,,0.0,13-07-2025,Retail,Pune
4139,Women,Training,Flex Trainer,0.0,6465.53,0.0,31-12-2024,Online,Kolkata
4140,Women,Running,Air Zoom,-1.0,,0.0,28-04-2025,Online,Bangalore
4141,Men,Training,ZoomX Invincible,,2406.03,0.0,21-12-2024,Online,bengaluru
4142,Kids,Training,Flex Trainer,-1.0,2840.97,-369.33,,Online,Bangalore
4143,Women,Running,React Infinity,,,0.0,26-03-2025,Retail,Delhi
4144,Men,Training,ZoomX Invincible,-1.0,2335.82,0.0,,Online,bengaluru
4145,Kids,Soccer,Tiempo Legend,2.0,,0.0,,Retail,Delhi
4146,Kids,Lifestyle,Blazer Mid,,,0.0,27-08-2023,Online,Mumbai
4147,Men,Basketball,Zoom Freak,1.0,7659.09,0.0,26-11-2024,Online,Delhi
4148,Kids,Soccer,Phantom GT,3.0,5943.25,0.0,18-07-2025,Retail,Pune
4149,Women,Training,SuperRep Go,4.0,5716.52,0.0,14-09-2024,Retail,Pune
4150,Men,Basketball,Zoom Freak,,,0.0,17-12-2024,Retail,Pune
4151,Kids,Training,Metcon 7,,7282.99,0.0,10-10-2024,Retail,Kolkata
4152,Men,Basketball,Kyrie Flytrap,1.0,,0.0,07-08-2024,Online,Mumbai
4153,Women,Running,Pegasus Turbo,2.0,,0.0,13-02-2025,Retail,Kolkata
4154,Women,Soccer,Tiempo Legend,-1.0,,0.0,,Online,bengaluru
4155,Kids,Training,Flex Trainer,-1.0,8736.2,-524.17,,Retail,bengaluru
4156,Men,Running,React Infinity,,7417.67,0.0,20-05-2024,Online,Mumbai
4157,Men,Basketball,Zoom Freak,3.0,,0.0,09-07-2025,Retail,Delhi
4158,Women,Lifestyle,Blazer Mid,,,0.0,18-08-2024,Online,Hyd
4159,Women,Running,React Infinity,2.0,8683.8,0.0,,Online,Delhi
4160,Men,Lifestyle,Air Force 1,,6148.9,0.0,,Online,Delhi
4161,Men,Running,Air Zoom,,,0.0,16-04-2025,Online,Kolkata
4162,Men,Training,SuperRep Go,1.0,3782.59,0.0,,Online,Pune
4163,Men,Training,SuperRep Go,,,0.0,12-09-2024,Retail,Hyd
4164,Men,Soccer,Tiempo Legend,0.0,2196.67,0.0,21-07-2025,Online,Bangalore
4165,Women,Training,SuperRep Go,1.0,,0.0,20-11-2024,Online,Bangalore
4166,Women,Soccer,Phantom GT,0.0,,0.0,05-03-2025,Online,Delhi
4167,Men,Basketball,Kyrie Flytrap,-1.0,3354.93,0.0,,Retail,Hyd
4168,Kids,Running,Free RN,4.0,,0.0,09-06-2024,Retail,Mumbai
4169,Men,Basketball,LeBron 20,,8320.11,0.0,,Retail,Delhi
4170,Men,Lifestyle,Blazer Mid,,3297.7,0.0,15-08-2024,Online,bengaluru
4171,Men,Running,React Infinity,,9303.8,0.0,21-12-2024,Retail,Delhi
4172,Women,Soccer,Mercurial Superfly,1.0,,0.0,21-01-2025,Retail,bengaluru
4173,Men,Soccer,Tiempo Legend,,,0.0,,Online,Hyderabad
4174,Women,Soccer,Tiempo Legend,,,0.0,08-03-2025,Retail,Kolkata
4175,Men,Basketball,Air Jordan,,,0.0,,Retail,Kolkata
4176,Women,Training,ZoomX Invincible,1.0,,0.0,02-09-2023,Retail,Hyderabad
4177,Kids,Training,Metcon 7,,,0.0,,Online,Mumbai
4178,Men,Basketball,Air Jordan,,,0.0,26-08-2024,Retail,Hyd
4179,Women,Running,React Infinity,,6633.14,0.0,01-06-2025,Retail,Mumbai
4180,Men,Running,Pegasus Turbo,,,0.0,04-06-2025,Retail,Kolkata
4181,Women,Running,Free RN,3.0,,0.0,05-04-2025,Retail,Delhi
4182,Men,Lifestyle,Dunk Low,1.0,9335.57,0.0,02-12-2024,Retail,Mumbai
4183,Men,Lifestyle,Air Force 1,2.0,8647.63,0.0,23-03-2025,Retail,Pune
4184,Women,Basketball,LeBron 20,,,0.0,,Online,bengaluru
4185,Women,Training,ZoomX Invincible,3.0,,0.0,01-02-2025,Online,hyderbad
4186,Men,Basketball,LeBron 20,,9872.08,0.0,10-03-2025,Online,bengaluru
4187,Women,Training,Flex Trainer,0.0,5363.84,0.0,,Retail,hyderbad
2050,Kids,Soccer,Tiempo Legend,0.0,,0.0,30-09-2023,Online,Pune
4189,Kids,Soccer,Phantom GT,,,0.0,,Retail,hyderbad
2043,Men,Training,Flex Trainer,4.0,,0.0,,Online,Pune
4191,Men,Running,React Infinity,,,0.0,22-07-2024,Online,Pune
4192,Men,Lifestyle,Waffle One,,3339.95,0.0,26-05-2025,Retail,Delhi
4193,Kids,Basketball,Kyrie Flytrap,1.0,,0.0,04-12-2024,Online,Mumbai
4194,Kids,Running,React Infinity,,,0.0,28-10-2024,Retail,Delhi
4195,Kids,Training,Metcon 7,,6317.4,0.0,23-09-2023,Retail,Mumbai
2029,Kids,Lifestyle,Dunk Low,,8165.07,0.0,,Online,Pune
4197,Men,Running,React Infinity,4.0,7560.6,0.0,,Online,Kolkata
4198,Men,Running,Pegasus Turbo,,7860.63,0.0,,Retail,Delhi
4199,Women,Running,Free RN,,,0.0,25-05-2025,Online,hyderbad
4200,Women,Soccer,Tiempo Legend,,,0.0,,Online,bengaluru
4201,Kids,Running,React Infinity,3.0,,0.0,09-05-2025,Retail,Kolkata
4202,Men,Training,SuperRep Go,4.0,4996.25,0.0,16-05-2025,Online,Pune
4203,Kids,Training,Flex Trainer,,,0.0,,Online,Pune
4204,Kids,Lifestyle,Waffle One,,7265.47,0.0,16-04-2025,Online,Pune
4205,Kids,Lifestyle,Waffle One,,,0.0,13-10-2024,Online,Mumbai
4206,Kids,Basketball,Kyrie Flytrap,,,0.0,07-11-2024,Online,bengaluru
4207,Women,Basketball,Air Jordan,,,0.0,15-11-2024,Retail,Hyderabad
4208,Kids,Running,React Infinity,,,0.0,08-04-2025,Retail,Pune
4209,Women,Running,Air Zoom,1.0,,0.0,03-12-2023,Online,Kolkata
4210,Kids,Training,SuperRep Go,3.0,,0.0,,Retail,Mumbai
4211,Men,Basketball,Air Jordan,0.0,,0.0,19-04-2025,Online,Hyderabad
4212,Men,Running,React Infinity,3.0,,0.0,29-07-2023,Online,Kolkata
4213,Men,Lifestyle,Dunk Low,0.0,,0.0,26-05-2024,Retail,Delhi
4214,Men,Training,SuperRep Go,,,0.0,08-11-2024,Retail,Pune
4215,Men,Training,Flex Trainer,3.0,7213.51,0.0,13-07-2025,Online,Kolkata
4216,Kids,Lifestyle,Waffle One,-1.0,4989.15,0.0,23-02-2025,Online,Delhi
4217,Men,Soccer,Tiempo Legend,,3080.23,0.0,08-05-2025,Online,Delhi
4218,Kids,Running,Free RN,,6296.17,0.0,11-02-2025,Online,Bangalore
4219,Kids,Training,Flex Trainer,,9565.66,0.0,,Retail,Pune
4220,Kids,Lifestyle,Dunk Low,2.0,2290.64,733.0,31-01-2025,Retail,Delhi
4221,Kids,Soccer,Mercurial Superfly,,,0.0,,Online,Hyd
2023,Men,Basketball,Air Jordan,,,0.0,,Online,Mumbai
4223,Kids,Soccer,Mercurial Superfly,1.0,,0.0,04-02-2025,Retail,bengaluru
4224,Kids,Training,ZoomX Invincible,,,0.0,10-10-2024,Online,hyderbad
4225,Kids,Running,Free RN,,2941.85,0.0,01-05-2025,Online,Delhi
4226,Women,Lifestyle,Waffle One,-1.0,,0.0,17-01-2025,Online,Delhi
4227,Kids,Training,Metcon 7,,,0.0,17-12-2024,Retail,Mumbai
4228,Kids,Training,SuperRep Go,3.0,,0.0,12-05-2025,Retail,Kolkata
4229,Kids,Running,Free RN,4.0,,0.0,20-06-2025,Online,Pune
4230,Kids,Lifestyle,Waffle One,,,0.0,15-08-2024,Retail,Hyderabad
4231,Kids,Lifestyle,Blazer Mid,2.0,6652.23,-1197.4,08-01-2024,Online,Pune
4232,Women,Soccer,Tiempo Legend,0.0,,0.0,,Online,bengaluru
4233,Women,Soccer,Mercurial Superfly,1.0,3895.52,0.0,,Retail,Bangalore
4234,Women,Basketball,Zoom Freak,,,0.0,,Online,Mumbai
4235,Kids,Basketball,Zoom Freak,4.0,3417.98,0.0,18-04-2025,Online,Bangalore
4236,Kids,Soccer,Mercurial Superfly,,8299.07,0.0,,Retail,Delhi
4237,Men,Basketball,LeBron 20,1.0,,0.0,15-02-2025,Online,Delhi
4238,Men,Soccer,Phantom GT,2.0,6489.35,0.0,14-12-2024,Online,Hyderabad
4239,Men,Running,Air Zoom,,,0.0,08-09-2023,Online,Kolkata
4240,Men,Running,Air Zoom,,,0.0,04-06-2025,Retail,Bangalore
4241,Women,Basketball,LeBron 20,,,0.0,29-10-2024,Retail,Delhi
4242,Kids,Basketball,Kyrie Flytrap,,3507.12,0.0,09-01-2025,Retail,Mumbai
4243,Kids,Training,ZoomX Invincible,,5248.74,0.0,,Retail,bengaluru
4244,Men,Training,Metcon 7,2.0,,0.0,,Retail,bengaluru
4245,Kids,Basketball,Zoom Freak,3.0,,0.0,12-12-2024,Online,Delhi
4246,Men,Running,Pegasus Turbo,,3576.04,0.0,10-01-2025,Retail,Mumbai
4247,Kids,Training,Flex Trainer,1.0,,0.0,26-02-2025,Retail,Kolkata
4248,Kids,Soccer,Premier III,,4045.64,0.0,,Retail,Mumbai
4249,Kids,Training,Flex Trainer,1.0,2902.95,1161.18,11-10-2024,Retail,bengaluru
4250,Women,Basketball,Air Jordan,,,0.0,16-01-2025,Online,Kolkata
4251,Kids,Basketball,LeBron 20,1.0,,0.0,07-01-2024,Retail,Mumbai
4252,Kids,Training,SuperRep Go,,,0.0,08-06-2024,Online,hyderbad
2013,Kids,Lifestyle,Blazer Mid,,,0.0,07-08-2024,Online,Hyd
2019,Men,Running,Free RN,2.0,8072.86,0.0,,Online,Kolkata
4255,Women,Running,React Infinity,1.0,,0.0,,Retail,Kolkata
4256,Women,Soccer,Tiempo Legend,4.0,,0.0,18-12-2024,Online,Hyd
4257,Women,Training,Metcon 7,,5462.8,0.0,14-08-2024,Online,Kolkata
4258,Kids,Lifestyle,Dunk Low,-1.0,4189.36,0.0,10-06-2024,Retail,Pune
4259,Men,Lifestyle,Air Force 1,,,0.0,22-09-2023,Retail,Bangalore
4260,Women,Lifestyle,Waffle One,3.0,6058.38,0.0,,Online,Kolkata
2044,Men,Training,Flex Trainer,,,0.0,13-08-2023,Online,Bangalore
4262,Women,Basketball,LeBron 20,0.0,,0.0,18-04-2025,Online,Mumbai
4263,Men,Running,React Infinity,3.0,4641.58,0.0,30-06-2025,Retail,Delhi
4264,Kids,Lifestyle,Air Force 1,-1.0,6012.55,0.0,11-01-2024,Online,Delhi
4265,Kids,Training,Flex Trainer,,,0.0,08-02-2024,Online,Kolkata
4266,Men,Lifestyle,Waffle One,3.0,,0.0,04-07-2025,Online,Mumbai
4267,Women,Basketball,Zoom Freak,0.0,4101.5,0.0,,Retail,Pune
4268,Men,Lifestyle,Waffle One,1.0,6321.98,0.0,,Online,Mumbai
4269,Kids,Basketball,Zoom Freak,2.0,,0.0,,Online,Pune
4270,Kids,Soccer,Tiempo Legend,,,0.0,01-01-2025,Online,Bangalore
4271,Kids,Lifestyle,Waffle One,,4426.69,0.0,13-01-2025,Online,Bangalore
4272,Women,Basketball,Air Jordan,,4529.52,0.0,23-06-2025,Online,Mumbai
4273,Kids,Soccer,Phantom GT,3.0,3407.16,0.0,20-01-2025,Retail,Mumbai
4274,Men,Basketball,Kyrie Flytrap,,,0.0,27-04-2025,Online,Mumbai
4275,Women,Lifestyle,Dunk Low,,,0.0,,Retail,Mumbai
4276,Men,Basketball,Kyrie Flytrap,3.0,,0.0,05-02-2025,Retail,bengaluru
4277,Women,Soccer,Phantom GT,,6924.77,0.0,03-10-2024,Online,bengaluru
4278,Kids,Basketball,Zoom Freak,,5606.81,0.0,,Retail,Pune
4279,Men,Training,ZoomX Invincible,,,0.0,30-04-2025,Retail,Pune
4280,Women,Soccer,Phantom GT,,,0.0,11-08-2024,Retail,Kolkata
4281,Kids,Basketball,Air Jordan,,,0.0,,Retail,Mumbai
4282,Men,Soccer,Phantom GT,,2670.28,0.0,20-03-2025,Online,Pune
4283,Men,Training,ZoomX Invincible,1.0,9649.36,482.47,26-02-2025,Retail,bengaluru
4284,Men,Running,Air Zoom,,2953.43,0.0,15-05-2024,Retail,Delhi
4285,Kids,Lifestyle,Waffle One,4.0,,0.0,28-11-2024,Retail,Pune
4286,Kids,Soccer,Tiempo Legend,,5385.78,0.0,08-06-2025,Online,Kolkata
4287,Kids,Lifestyle,Waffle One,0.0,,0.0,,Retail,Kolkata
4288,Kids,Basketball,Air Jordan,,6754.13,0.0,24-09-2024,Online,Hyd
4289,Men,Lifestyle,Waffle One,,,0.0,,Retail,Delhi
4290,Kids,Lifestyle,Blazer Mid,-1.0,,0.0,25-01-2025,Retail,Kolkata
4291,Women,Soccer,Phantom GT,,9306.54,0.0,,Retail,Delhi
4292,Men,Training,ZoomX Invincible,2.0,,0.0,24-11-2024,Online,Delhi
4293,Women,Basketball,Kyrie Flytrap,0.0,,0.0,20-03-2025,Retail,Delhi
4294,Women,Soccer,Premier III,,5238.91,0.0,16-01-2025,Online,Kolkata
4295,Women,Basketball,Air Jordan,4.0,4469.12,0.0,15-03-2025,Retail,Mumbai
4296,Women,Lifestyle,Waffle One,3.0,4121.58,0.0,,Online,Mumbai
4297,Women,Running,React Infinity,,,0.0,06-03-2025,Online,Kolkata
4298,Men,Running,React Infinity,4.0,,0.0,13-08-2024,Online,Mumbai
4299,Kids,Running,Free RN,,,0.0,14-06-2025,Online,Pune
4300,Kids,Basketball,Zoom Freak,,,0.0,27-12-2024,Online,Kolkata
2026,Kids,Training,ZoomX Invincible,,,0.0,05-01-2024,Online,Kolkata
4302,Kids,Training,Flex Trainer,,,0.0,03-06-2025,Retail,Pune
4303,Men,Soccer,Phantom GT,,7587.07,0.0,21-07-2024,Online,bengaluru
4304,Kids,Basketball,Kyrie Flytrap,,4877.24,0.0,07-07-2024,Retail,hyderbad
4305,Women,Lifestyle,Waffle One,,2270.57,0.0,07-12-2024,Retail,bengaluru
4306,Kids,Basketball,Air Jordan,,,0.0,21-09-2024,Retail,bengaluru
4307,Women,Training,SuperRep Go,,6767.5,0.0,,Retail,Delhi
4308,Men,Basketball,LeBron 20,,,0.0,05-06-2025,Retail,Pune
4309,Women,Training,Metcon 7,0.0,,0.0,18-06-2025,Online,Pune
4310,Kids,Basketball,Zoom Freak,0.0,9745.69,0.0,17-06-2025,Retail,Delhi
4311,Men,Training,SuperRep Go,3.0,,0.0,16-08-2023,Retail,bengaluru
4312,Kids,Training,SuperRep Go,,7889.36,0.0,,Online,Delhi
4313,Women,Soccer,Tiempo Legend,,,0.0,,Retail,bengaluru
4314,Kids,Lifestyle,Blazer Mid,4.0,8823.88,0.0,22-07-2025,Online,Hyd
4315,Women,Lifestyle,Dunk Low,4.0,4080.51,0.0,04-03-2024,Retail,Pune
4316,Men,Running,React Infinity,,,0.0,04-01-2024,Retail,Hyd
4317,Kids,Lifestyle,Blazer Mid,,9623.53,0.0,15-10-2024,Retail,Bangalore
4318,Women,Basketball,Kyrie Flytrap,-1.0,,0.0,16-10-2024,Retail,Kolkata
2027,Men,Training,SuperRep Go,0.0,,0.0,14-11-2024,Retail,Kolkata
4320,Women,Training,SuperRep Go,,,0.0,27-09-2024,Online,Delhi
4321,Kids,Running,Free RN,,6646.84,0.0,15-01-2024,Online,Mumbai
4322,Women,Lifestyle,Waffle One,,,0.0,20-01-2025,Online,Mumbai
4323,Men,Lifestyle,Air Force 1,,8526.42,0.0,26-10-2024,Retail,Delhi
4324,Women,Soccer,Tiempo Legend,0.0,,0.0,,Retail,Mumbai
4325,Men,Basketball,Zoom Freak,,,0.0,15-01-2025,Retail,Bangalore
4326,Women,Lifestyle,Air Force 1,0.0,9604.84,0.0,06-06-2024,Retail,Delhi
4327,Men,Training,SuperRep Go,-1.0,6348.4,0.0,15-12-2024,Retail,Pune
4328,Men,Basketball,Zoom Freak,,3943.71,0.0,29-04-2025,Online,Hyd
2003,Men,Lifestyle,Blazer Mid,3.0,,0.0,16-08-2024,Retail,Delhi
4330,Kids,Lifestyle,Air Force 1,1.0,4087.76,0.0,17-07-2025,Retail,bengaluru
4331,Women,Training,SuperRep Go,2.0,4574.53,8783.1,03-01-2025,Retail,Kolkata
4332,Women,Running,Pegasus Turbo,,,0.0,24-09-2024,Online,Delhi
4333,Men,Lifestyle,Blazer Mid,,5179.28,0.0,04-06-2025,Retail,Mumbai
4334,Kids,Basketball,Air Jordan,,4393.46,0.0,12-08-2024,Online,Kolkata
4335,Kids,Running,Air Zoom,,,0.0,30-06-2025,Online,Kolkata
4336,Men,Soccer,Phantom GT,-1.0,7120.57,-6479.72,,Retail,Pune
4337,Women,Lifestyle,Blazer Mid,,,0.0,,Online,Mumbai
4338,Men,Running,Air Zoom,,,0.0,,Online,Pune
4339,Women,Lifestyle,Dunk Low,,,0.0,21-11-2024,Retail,Hyd
4340,Women,Training,ZoomX Invincible,,3051.51,0.0,,Retail,Bangalore
4341,Kids,Training,Flex Trainer,,,0.0,,Retail,Hyderabad
2009,Kids,Running,Pegasus Turbo,,,0.0,22-11-2023,Retail,Delhi
4343,Kids,Training,Metcon 7,,5890.69,0.0,,Retail,bengaluru
4344,Kids,Soccer,Premier III,,,0.0,18-01-2024,Online,Delhi
4345,Kids,Training,Metcon 7,,2282.8,0.0,29-11-2024,Retail,Pune
4346,Men,Training,ZoomX Invincible,,,0.0,04-05-2025,Online,Mumbai
4347,Men,Lifestyle,Dunk Low,-1.0,9440.95,0.0,10-03-2025,Retail,Hyd
4348,Women,Lifestyle,Blazer Mid,,,0.0,25-09-2023,Online,Pune
4349,Women,Training,Flex Trainer,,,0.0,,Retail,Mumbai
4350,Men,Soccer,Phantom GT,0.0,,0.0,30-05-2024,Online,Delhi
4351,Men,Soccer,Mercurial Superfly,0.0,,0.0,19-08-2024,Online,Pune
4352,Men,Running,Pegasus Turbo,-1.0,9332.64,-4013.04,10-01-2025,Retail,Kolkata
4353,Men,Soccer,Premier III,-1.0,,0.0,,Retail,Bangalore
4354,Men,Soccer,Premier III,-1.0,6908.65,0.0,08-03-2025,Retail,Kolkata
2007,Kids,Basketball,LeBron 20,,,0.0,,Retail,Kolkata
4356,Men,Soccer,Phantom GT,1.0,9557.32,0.0,,Online,Delhi
4357,Women,Lifestyle,Air Force 1,,7723.9,0.0,27-01-2025,Online,Pune
4358,Kids,Basketball,LeBron 20,2.0,,0.0,18-10-2024,Online,Mumbai
4359,Kids,Running,Pegasus Turbo,,9336.51,0.0,23-02-2025,Online,Bangalore
4360,Women,Running,Pegasus Turbo,,2906.76,0.0,24-09-2024,Online,Hyd
4361,Kids,Lifestyle,Blazer Mid,,5294.22,0.0,25-08-2024,Retail,Kolkata
4362,Men,Training,Flex Trainer,,,0.0,08-07-2025,Online,Kolkata
4363,Kids,Basketball,Air Jordan,2.0,,0.0,24-11-2024,Online,Delhi
4364,Kids,Running,Free RN,,6290.99,0.0,,Retail,Kolkata
4365,Men,Basketball,Zoom Freak,,7357.98,0.0,02-10-2024,Online,Kolkata
4366,Kids,Training,SuperRep Go,,2572.92,0.0,16-02-2025,Retail,Kolkata
4367,Kids,Basketball,Kyrie Flytrap,,8832.85,0.0,08-01-2024,Retail,Kolkata
4368,Women,Soccer,Tiempo Legend,3.0,5481.64,-2960.09,12-10-2024,Retail,Delhi
4369,Women,Training,SuperRep Go,,,0.0,,Online,Hyd
4370,Women,Running,Pegasus Turbo,2.0,5046.05,6257.1,13-10-2024,Retail,Mumbai
4371,Men,Lifestyle,Blazer Mid,0.0,2042.87,0.0,22-11-2024,Retail,hyderbad
2029,Kids,Running,Free RN,,,0.0,,Retail,Mumbai
4373,Men,Lifestyle,Waffle One,,,0.0,01-08-2024,Retail,bengaluru
4374,Women,Basketball,Zoom Freak,3.0,,0.0,19-11-2024,Retail,Pune
4375,Women,Training,ZoomX Invincible,-1.0,,0.0,12-06-2025,Online,Kolkata
4376,Men,Soccer,Phantom GT,,7651.93,0.0,05-08-2024,Online,Kolkata
4377,Women,Running,Free RN,,,0.0,07-12-2024,Retail,Mumbai
4378,Men,Training,Flex Trainer,4.0,2620.09,0.0,29-08-2024,Online,Mumbai
4379,Women,Lifestyle,Air Force 1,3.0,,0.0,,Online,hyderbad
4380,Men,Soccer,Phantom GT,1.0,,0.0,,Online,Pune
4381,Men,Training,Flex Trainer,,2476.41,0.0,,Retail,Pune
4382,Kids,Soccer,Mercurial Superfly,2.0,,0.0,24-11-2024,Retail,Hyd
4383,Women,Soccer,Tiempo Legend,,,0.0,24-12-2024,Retail,Delhi
4384,Women,Running,Pegasus Turbo,,,0.0,15-06-2024,Online,Kolkata
4385,Men,Basketball,Kyrie Flytrap,,9057.85,0.0,13-12-2023,Retail,Kolkata
4386,Kids,Basketball,Zoom Freak,2.0,3432.35,4530.7,14-06-2025,Online,bengaluru
4387,Women,Lifestyle,Dunk Low,4.0,2616.9,0.0,27-03-2025,Retail,Delhi
4388,Women,Training,ZoomX Invincible,,,0.0,02-07-2025,Retail,bengaluru
4389,Women,Basketball,Zoom Freak,0.0,9304.56,0.0,06-07-2025,Online,Kolkata
4390,Kids,Lifestyle,Waffle One,,,0.0,05-12-2024,Online,Bangalore
4391,Women,Lifestyle,Dunk Low,,9569.18,0.0,20-04-2025,Retail,Pune
4392,Kids,Training,Metcon 7,,,0.0,19-04-2025,Retail,Bangalore
4393,Women,Basketball,Kyrie Flytrap,,,0.0,,Retail,Kolkata
4394,Women,Training,ZoomX Invincible,,8873.61,0.0,14-03-2025,Retail,bengaluru
4395,Kids,Running,Air Zoom,2.0,5282.31,0.0,20-04-2025,Online,Mumbai
4396,Kids,Soccer,Phantom GT,2.0,2392.41,0.0,30-01-2025,Online,Pune
4397,Men,Running,React Infinity,-1.0,,0.0,08-05-2025,Retail,Delhi
4398,Men,Soccer,Premier III,2.0,,0.0,29-06-2024,Online,Delhi
4399,Men,Basketball,Air Jordan,,7607.91,0.0,06-01-2025,Online,bengaluru
4400,Women,Lifestyle,Air Force 1,4.0,7798.57,22459.88,27-05-2025,Retail,Kolkata
4401,Men,Lifestyle,Blazer Mid,,,0.0,25-11-2024,Retail,Kolkata
4402,Women,Soccer,Premier III,1.0,,0.0,19-11-2024,Online,Mumbai
4403,Kids,Basketball,Kyrie Flytrap,0.0,3086.75,0.0,27-08-2024,Online,Pune
4404,Women,Running,Free RN,,,0.0,,Retail,Hyd
4405,Women,Training,Flex Trainer,-1.0,,0.0,24-02-2025,Retail,Pune
4406,Women,Basketball,Kyrie Flytrap,,4079.94,0.0,01-02-2025,Online,Kolkata
4407,Kids,Lifestyle,Waffle One,,,0.0,,Online,Mumbai
4408,Kids,Training,Metcon 7,1.0,3409.83,0.0,,Online,bengaluru
4409,Kids,Training,Flex Trainer,,,0.0,,Retail,Bangalore
4410,Men,Basketball,Kyrie Flytrap,-1.0,5967.57,596.76,26-01-2024,Retail,Mumbai
4411,Kids,Lifestyle,Air Force 1,,,0.0,,Retail,Hyd
4412,Kids,Lifestyle,Blazer Mid,1.0,,0.0,25-05-2025,Online,Kolkata
4413,Men,Running,Free RN,,,0.0,03-09-2024,Retail,hyderbad
4414,Kids,Running,Pegasus Turbo,,,0.0,05-09-2024,Retail,Hyd
4415,Kids,Running,Free RN,,3671.95,0.0,,Retail,Pune
4416,Women,Basketball,Zoom Freak,,2365.6,0.0,07-06-2025,Retail,Mumbai
4417,Women,Soccer,Tiempo Legend,,,0.0,,Retail,Hyderabad
4418,Women,Training,Metcon 7,2.0,3139.93,3391.12,,Online,Kolkata
4419,Kids,Training,Flex Trainer,,,0.0,17-01-2025,Online,Bangalore
4420,Women,Lifestyle,Blazer Mid,4.0,4904.79,-3727.64,08-11-2023,Retail,Pune
4421,Women,Running,React Infinity,,,0.0,05-09-2024,Online,Mumbai
4422,Men,Running,React Infinity,,,0.0,08-06-2025,Online,Delhi
4423,Men,Running,Free RN,1.0,5381.5,0.0,03-01-2025,Retail,Pune
2007,Men,Soccer,Phantom GT,,7652.31,0.0,29-09-2023,Retail,Bangalore
4425,Women,Running,Air Zoom,0.0,4034.25,0.0,04-09-2023,Retail,Delhi
4426,Men,Lifestyle,Blazer Mid,1.0,,0.0,02-12-2024,Online,Pune
4427,Women,Lifestyle,Dunk Low,2.0,8546.9,0.0,04-11-2024,Retail,Pune
4428,Kids,Lifestyle,Waffle One,2.0,,0.0,04-04-2025,Online,Hyderabad
4429,Kids,Soccer,Premier III,2.0,,0.0,18-01-2025,Retail,Kolkata
4430,Kids,Basketball,Kyrie Flytrap,2.0,,0.0,16-05-2025,Retail,Bangalore
4431,Kids,Training,Metcon 7,,,0.0,15-01-2025,Online,Bangalore
4432,Men,Basketball,Air Jordan,,6378.45,0.0,06-06-2025,Retail,hyderbad
4433,Men,Soccer,Phantom GT,4.0,4840.5,0.0,,Retail,Hyderabad
4434,Men,Basketball,Zoom Freak,3.0,3844.82,0.0,09-02-2025,Online,hyderbad
4435,Women,Training,Flex Trainer,,,0.0,,Online,hyderbad
4436,Men,Training,SuperRep Go,4.0,2720.7,0.0,08-04-2025,Online,Pune
4437,Men,Basketball,Kyrie Flytrap,2.0,,0.0,25-11-2023,Retail,Hyderabad
4438,Men,Basketball,Zoom Freak,3.0,,0.0,,Retail,Delhi
4439,Women,Lifestyle,Dunk Low,0.0,,0.0,22-04-2025,Retail,Hyd
4440,Men,Basketball,Zoom Freak,,6172.36,0.0,15-04-2025,Online,Mumbai
4441,Kids,Soccer,Premier III,3.0,,0.0,05-05-2024,Retail,Kolkata
4442,Women,Soccer,Phantom GT,,,0.0,22-05-2024,Retail,Hyd
4443,Men,Lifestyle,Dunk Low,3.0,7953.0,-5010.39,12-05-2025,Retail,Hyd
4444,Men,Running,React Infinity,4.0,,0.0,04-10-2024,Online,Kolkata
4445,Women,Training,Metcon 7,1.0,5915.27,5205.44,15-12-2024,Retail,Mumbai
4446,Men,Soccer,Mercurial Superfly,2.0,3469.31,4995.81,26-01-2025,Retail,Pune
4447,Kids,Running,Free RN,0.0,,0.0,12-12-2024,Retail,Delhi
2030,Women,Basketball,Air Jordan,2.0,,0.0,10-06-2025,Retail,Mumbai
4449,Men,Lifestyle,Air Force 1,0.0,5053.29,0.0,24-02-2025,Retail,Kolkata
4450,Men,Lifestyle,Air Force 1,1.0,4745.48,0.0,,Retail,Mumbai
4451,Women,Lifestyle,Dunk Low,0.0,2049.73,0.0,08-11-2024,Online,Pune
4452,Women,Lifestyle,Blazer Mid,1.0,,0.0,27-04-2025,Online,bengaluru
4453,Men,Training,Flex Trainer,1.0,,0.0,26-05-2025,Retail,bengaluru
4454,Kids,Running,Pegasus Turbo,,2915.54,0.0,02-01-2025,Retail,Delhi
4455,Women,Basketball,Kyrie Flytrap,3.0,8629.75,0.0,,Online,Mumbai
4456,Women,Basketball,Kyrie Flytrap,1.0,,0.0,16-12-2023,Retail,Hyderabad
2019,Men,Lifestyle,Air Force 1,-1.0,2452.52,-2158.22,26-07-2024,Retail,Hyd
4458,Kids,Soccer,Premier III,,6500.77,0.0,28-10-2024,Retail,Mumbai
4459,Men,Training,SuperRep Go,-1.0,,0.0,,Online,Kolkata
4460,Women,Soccer,Tiempo Legend,-1.0,9682.2,0.0,,Online,hyderbad
4461,Kids,Lifestyle,Waffle One,,,0.0,,Retail,Hyderabad
4462,Kids,Running,React Infinity,,,0.0,,Retail,Pune
4463,Men,Soccer,Premier III,3.0,8317.53,9981.04,07-06-2025,Retail,Pune
4464,Kids,Basketball,Kyrie Flytrap,,4917.28,0.0,,Online,Mumbai
2019,Men,Basketball,LeBron 20,3.0,,0.0,13-08-2024,Online,Delhi
4466,Kids,Soccer,Mercurial Superfly,,4743.16,0.0,06-03-2024,Retail,Mumbai
4467,Kids,Lifestyle,Air Force 1,,3918.43,0.0,03-09-2024,Retail,Kolkata
4468,Men,Soccer,Premier III,3.0,6077.13,-2370.08,27-11-2023,Online,Mumbai
4469,Kids,Basketball,LeBron 20,,,0.0,,Retail,bengaluru
4470,Women,Basketball,Kyrie Flytrap,,,0.0,,Online,Bangalore
4471,Kids,Basketball,Zoom Freak,,2184.95,0.0,20-06-2025,Online,Mumbai
4472,Women,Basketball,LeBron 20,2.0,6833.94,0.0,12-08-2024,Online,Hyd
4473,Kids,Lifestyle,Waffle One,,,0.0,,Online,Kolkata
4474,Women,Lifestyle,Air Force 1,,8130.71,0.0,,Online,Mumbai
4475,Kids,Soccer,Tiempo Legend,,,0.0,04-03-2024,Online,Hyd
4476,Women,Lifestyle,Waffle One,,4495.47,0.0,27-01-2025,Online,bengaluru
4477,Men,Running,Pegasus Turbo,,,0.0,10-12-2024,Online,Delhi
4478,Women,Lifestyle,Air Force 1,4.0,7748.38,0.0,,Retail,Kolkata
4479,Kids,Lifestyle,Air Force 1,,7530.67,0.0,04-12-2024,Online,Kolkata
4480,Men,Training,SuperRep Go,,,0.0,05-05-2025,Retail,Hyderabad
4481,Men,Soccer,Mercurial Superfly,,8504.98,0.0,11-12-2024,Retail,Delhi
4482,Kids,Soccer,Phantom GT,2.0,,0.0,16-07-2024,Online,Mumbai
4483,Kids,Lifestyle,Blazer Mid,,2844.04,0.0,12-06-2025,Online,Hyderabad
4484,Men,Basketball,Air Jordan,3.0,5981.92,3589.15,12-12-2024,Retail,hyderbad
4485,Men,Training,Flex Trainer,,,0.0,26-03-2025,Retail,Pune
4486,Women,Training,Flex Trainer,,,0.0,15-10-2023,Online,Bangalore
4487,Men,Lifestyle,Air Force 1,,9009.71,0.0,21-08-2024,Retail,Pune
4488,Women,Training,Flex Trainer,2.0,,0.0,16-12-2024,Retail,Pune
4489,Kids,Lifestyle,Blazer Mid,3.0,,0.0,02-04-2025,Retail,bengaluru
4490,Women,Training,Metcon 7,0.0,,0.0,23-02-2025,Online,Kolkata
4491,Women,Running,Pegasus Turbo,0.0,,0.0,,Online,Kolkata
4492,Men,Lifestyle,Air Force 1,,,0.0,,Retail,Mumbai
4493,Women,Lifestyle,Blazer Mid,4.0,,0.0,04-10-2024,Online,Mumbai
4494,Women,Training,ZoomX Invincible,,,0.0,12-02-2025,Online,Kolkata
4495,Kids,Basketball,Kyrie Flytrap,3.0,,0.0,14-05-2025,Online,Pune
4496,Men,Basketball,Kyrie Flytrap,-1.0,,0.0,,Online,Hyd
4497,Men,Soccer,Tiempo Legend,,6647.6,0.0,02-07-2025,Retail,Bangalore
4498,Women,Training,ZoomX Invincible,4.0,5358.7,0.0,11-12-2024,Online,Mumbai
4499,Women,Running,Air Zoom,,5550.99,0.0,23-11-2024,Retail,Mumbai
